,ID,Requirement,State,ASIL,Status,Failed Rule,Rationale
0,REQ-LLD-001,"When a user inputs physical digits, the [ATM Client Terminal] shall invoke `client.verifyPINFormat()` to validate the length before execution.",Released,ASIL-B,Passed,None,"The action part correctly uses 'shall', avoids vague terms (e.g., 'length' is specific and measurable), is verifiable (function invocation and length validation can be tested), and addresses a single distinct requirement (invoking `client.verifyPINFormat()` for length validation). It aligns with the full requirement's context and original rationale."
1,REQ-LLD-002,"When `client.verifyPINFormat()` detects an invalid length, the [ATM Client Terminal] shall display an error message within 500 milliseconds.",Released,ASIL-B,Passed,None,"The action part uses 'shall', contains no vague terms, specifies a measurable time constraint (500 milliseconds), and describes a single distinct action (displaying an error message). It is verifiable through timing measurements and adheres to all INCOSE/ASPICE requirements."
2,REQ-LLD-003,"Where an encrypted handshake is initiated, the [ATM Controller] shall execute `middleware.router.routeRequest()` within 100 milliseconds.",Released,ASIL-D,Passed,None,"The action part uses the required modal verb 'shall', avoids vague terms by specifying 'within 100 milliseconds', is verifiable through timing measurements, and addresses a single distinct requirement (executing a specific function within a defined time)."
3,REQ-LLD-004,"When `middleware.router.routeRequest()` executes, the User Session State Handler shall extract the `session_id` from the payload buffer.",Released,ASIL-D,Passed,None,"The action part 'the User Session State Handler shall extract the `session_id` from the payload buffer' complies with all INCOSE/ASPICE rules. It uses the required modal verb 'shall', contains no vague terms, is verifiable through testing whether the session_id is correctly extracted, and specifies a single distinct action without combining multiple requirements."
4,REQ-LLD-005,"When the user selects a withdrawal transaction, the [ATM Client Terminal] shall package the `withdrawal_amount` into the payload structure.",Released,ASIL-B,Review,LLM Error,LLM analysis failed: LLM response is empty or not a string.
5,REQ-LLD-006,"If the network connection drops during a withdrawal selection, the [ATM Client Terminal] shall abort data transmission.",Released,ASIL-B,Review,Rule 2,"The term 'drops' in 'network connection drops' is vague and subjective. It lacks a precise definition of what constitutes a 'drop' (e.g., timeout duration, signal loss threshold, or specific error conditions). This ambiguity makes the requirement unverifiable, as it does not specify measurable criteria to determine when a network connection has 'dropped.' The original rationale references 'physical links fail,' which is more specific but not reflected in the action part."
6,REQ-LLD-007,"If the [ATM Controller] transmits a Ledger Balance Query, the [CBS Bank Host] shall invoke `core.checkLedgerBalance()` within 400 milliseconds.",Released,ASIL-B,Passed,None,"The action part uses the required modal verb 'shall', contains no vague terms (specific time constraint of 400 milliseconds is measurable), is verifiable through timing measurements, and addresses a single distinct requirement (invoking a specific function within a defined latency). The statement aligns with the original rationale regarding low latency constraints."
7,REQ-LLD-008,"When `core.checkLedgerBalance()` returns a query timeout, the [CBS Bank Host] shall broadcast a null balance token to the middleware router.",Released,ASIL-B,Passed,None,"The action part uses the required modal verb 'shall', contains no vague or subjective terms, is verifiable through system testing (broadcasting a null balance token can be measured), and addresses a single distinct action without combining multiple requirements."
8,REQ-LLD-009,"When `Core_Verify()` returns an authentication failure, the [ATM Controller] shall decrement the remaining attempt counter by exactly 1.",Released,ASIL-B,Passed,None,"The action part 'the [ATM Controller] shall decrement the remaining attempt counter by exactly 1.' complies with all INCOSE/ASPICE rules: it uses 'shall', contains no vague terms (e.g., 'exactly 1' is precise), is verifiable (can be tested by checking counter value reduction), and addresses a single distinct requirement (decrementing the counter). The context from the full requirement confirms this action is appropriately scoped."
9,REQ-LLD-010,"If the attempt counter reaches zero during the PIN Verification Loop, the [ATM Client Terminal] shall transition to a terminal locked state.",Released,ASIL-D,Review,LLM Error,LLM analysis failed: LLM response is empty or not a string.
10,REQ-LLD-011,"When an AuthStatus of approved is received, the [ATM Controller] shall invoke `DispenseCash(amount: 100)` within 50 milliseconds.",Released,ASIL-D,Passed,None,The action part uses 'shall' as required. It specifies a measurable time constraint (50 milliseconds) without vague terms. The requirement is verifiable through timing measurements and does not combine multiple distinct actions.
11,REQ-LLD-012,"While the `DispenseCash` method is executing, the [ATM Client Terminal] shall toggle the physical cash shutter output relay to open.",Released,ASIL-D,Passed,None,"The action part uses the required modal verb 'shall', contains no vague or subjective terms (all terms are specific hardware references), is verifiable through relay state observation during method execution, and specifies a single distinct action (toggling the relay). All INCOSE/ASPICE requirements are satisfied."
12,REQ-LLD-013,"If the Security Gateway flags an authentication failure, the [ATM Controller] shall push the event log to the Error Handling & Logging node.",Released,ASIL-B,Passed,None,"The action part uses 'shall' as required. It avoids vague terms, as 'flags an authentication failure', 'push the event log', and 'Error Handling & Logging node' are specific and contextually defined. The requirement is verifiable by checking if the event log is transmitted to the specified node upon the Security Gateway flagging an authentication failure. It also addresses a single distinct action without combining multiple requirements."
13,REQ-LLD-014,"When the Error Handling & Logging node receives a failure log, it shall write the entry to non-volatile storage within 50 milliseconds.",Released,ASIL-B,Review,LLM Error,LLM analysis failed: LLM response is empty or not a string.
14,REQ-LLD-015,"When the cash is successfully dispensed, the [ATM Client Terminal] shall execute `client.dispenser.dispenseStatus()` to verify empty optics.",Released,ASIL-B,Review,Rule 2,"The term 'successfully' in the condition 'when the cash is successfully dispensed' is vague and subjective. It lacks an objective, measurable definition of what constitutes a 'successful' dispense, making verification ambiguous. The requirement should specify concrete criteria (e.g., sensor signals, mechanical completion) to trigger the action."
15,REQ-LLD-016,"When `client.dispenser.dispenseStatus()` returns true, the [ATM Client Terminal] shall invoke the `TerminalUpdate()` method instantly.",Released,ASIL-B,Review,"Rule 2, Rule 3","The term 'instantly' is vague and subjective (violates Rule 2) because it lacks a quantifiable time frame for verification. This also makes the requirement unmeasurable and non-verifiable (violates Rule 3), as there is no defined criterion to confirm compliance (e.g., within a specific time interval like 100ms)."
16,REQ-LLD-017,"If the connection to the [CBS Bank Host] times out, the [ATM Controller] shall transmit an `Acknowledge(session_closed)` packet to the client.",Released,ASIL-B,Passed,None,"The action part uses the required modal verb 'shall', contains no vague or subjective terms, is verifiable (transmission of a specific packet can be measured), and describes a single distinct action (transmitting the Acknowledge(session_closed) packet). The requirement aligns with the context provided in the full requirement."
17,REQ-LLD-018,"When an `Acknowledge(session_closed)` packet is parsed, the [ATM Client Terminal] shall transition to the out of service display screen.",Released,ASIL-A,Passed,None,"The action part uses 'shall' correctly, avoids vague terms (e.g., 'transition' and 'out of service display screen' are specific and defined), is verifiable through observation of the terminal's display state, and addresses a single distinct action without combining multiple requirements."
18,REQ-LLD-019,"When the User Session State Handler detects 30 seconds of user inactivity, it shall purge the active session data cache.",Released,ASIL-B,Passed,None,"The action part uses 'shall' as required. It contains no vague terms (e.g., '30 seconds' is specific, 'purge' is a clear action). The requirement is verifiable by measuring the time interval and confirming cache purging. It addresses a single distinct action without combining multiple requirements."
19,REQ-LLD-020,"When a session data cache is purged due to a timeout, the [ATM Controller] shall transmit a close instruction to the active channel router.",Released,ASIL-B,Passed,None,"The action part 'the [ATM Controller] shall transmit a close instruction to the active channel router.' complies with all INCOSE/ASPICE rules: it uses 'shall', contains no vague terms, is verifiable (can be tested by checking if the instruction is sent upon cache timeout), and addresses a single distinct action without combining requirements."
20,REQ-LLD-021,"While processing concurrent streams, the Network Message Routing Logic shall limit individual thread creation to 200 instances.",Released,ASIL-B,Passed,None,"The action part uses the required modal verb 'shall', contains no vague or subjective terms, is verifiable and measurable (specific limit of 200 instances), and addresses a single distinct requirement without combining multiple actions."
21,REQ-LLD-022,"If incoming request counts exceed 200, the Network Message Routing Logic shall redirect extra payloads to a memory queue buffer.",Released,ASIL-B,Passed,None,"The action part uses the required modal verb 'shall', avoids vague terms (with 'extra payloads' contextually defined by the precondition in the full requirement), is verifiable through testing (e.g., measuring redirect behavior when request counts exceed 200), and addresses a single distinct action (redirecting payloads)."
22,REQ-LLD-023,"When the Transaction Validation Engine identifies a malformed `encrypted_pin_block`, the [ATM Controller] shall discard the network block.",Released,ASIL-D,Review,LLM Error,LLM analysis failed: LLM response is empty or not a string.
23,REQ-LLD-024,"When an `encrypted_pin_block` is discarded as corrupt, the [ATM Controller] shall append a failure trace code to the active log payload.",Released,ASIL-D,Passed,None,"The action part uses the required modal verb 'shall', avoids vague terms (assuming 'failure trace code' is a defined term in the system context), is verifiable by checking the log payload for the appended code, and specifies a single distinct action without combining multiple requirements."
24,REQ-LLD-025,"If the Customer Account Ledger DB is offline, the Transaction Authorization Router shall intercept all incoming `Core_Request()` calls.",Released,ASIL-B,Passed,None,"The action part uses 'shall' as required. It contains no vague terms (all terms like 'offline', 'intercept', 'incoming', and 'Core_Request()' are specific and measurable). The requirement is verifiable by testing interception behavior when the DB is offline. It addresses a single distinct action without combining multiple requirements."
25,REQ-LLD-026,"When a `Core_Request()` call is intercepted by the router, the [CBS Bank Host] shall return a direct DB_OFFLINE status code token.",Released,ASIL-B,Review,LLM Error,LLM analysis failed: LLM response is empty or not a string.
26,REQ-LLD-027,"When a user inputs physical keys, the Logical Human Interaction Layer shall replace numeric text with mask characters on the display.",Released,ASIL-B,Passed,None,"The action part uses the required modal verb 'shall', avoids vague terms (numeric text and mask characters are specific and measurable), is verifiable through testing display output during user input, and describes a single distinct action without combining multiple requirements."
27,REQ-LLD-028,"When mask characters are rendered on the UI, the [ATM Client Terminal] shall clear the raw character registers from memory buffers within 10 milliseconds.",Released,ASIL-B,Review,Rule 4,"The action part combines two distinct subjects ('the UI' and 'the [ATM Client Terminal]') as the actor responsible for performing the action. This violates Rule 4, which requires that the statement must not combine multiple distinct requirements or actions. The original requirement clearly assigns the action to 'the [ATM Client Terminal]' alone, and the inclusion of 'the UI' introduces ambiguity about which entity is responsible for the action, effectively merging two potential requirements into one."
28,REQ-LLD-029,"When data transmission occurs, the [ATM Client Terminal] shall apply an AES-256 cipher block to the `data_payload` before socket transmission.",Released,ASIL-D,Passed,None,"The action part uses the required modal verb 'shall', contains no vague or subjective terms (AES-256 is a specific standard, 'data_payload' is a defined element, and 'before socket transmission' is a clear condition), is verifiable through testing encryption implementation and timing, and addresses a single distinct action without combining multiple requirements."
29,REQ-LLD-030,"When the `data_payload` is encrypted, the [ATM Client Terminal] shall append an HMAC SHA-256 signature code to the tail of the stream block.",Released,ASIL-D,Review,LLM Error,LLM analysis failed: LLM response is empty or not a string.
30,REQ-LLD-031,"When a dispenser hardware error is reported, the [ATM Client Terminal] shall disable the physical cash delivery stepper motor driver.",Released,ASIL-D,Passed,None,"The action part 'the [ATM Client Terminal] shall disable the physical cash delivery stepper motor driver' complies with all INCOSE/ASPICE rules. It uses the required modal verb 'shall', avoids vague terms, is verifiable (disabling the driver can be tested by confirming power cutoff), and addresses a single distinct action without combining requirements."
31,REQ-LLD-032,"When the cash delivery stepper motor is disabled, the [ATM Client Terminal] shall transmit an active hardware failure alert code up to the middleware.",Released,ASIL-D,Passed,None,"The action part uses 'shall', contains no vague terms, is verifiable (transmission of a specific alert code can be tested), and addresses a single distinct action (transmitting an alert). The context from the full requirement confirms the trigger and action are properly separated."
32,REQ-LLD-033,"If a transaction approval token is delayed past 5 seconds, the [ATM Controller] shall invoke an internal fallback balance reversal routine.",Released,ASIL-D,Passed,None,"The action part 'the [ATM Controller] shall invoke an internal fallback balance reversal routine.' complies with all rules: it uses 'shall' (Rule 1), avoids vague terms (Rule 2), is verifiable through system testing to confirm the routine is triggered under the specified condition (Rule 3), and describes a single distinct action without combining multiple requirements (Rule 4)."
33,REQ-LLD-034,"When the internal balance reversal routine completes, the [ATM Controller] shall log the transaction status as REVERSED in the system logs.",Released,ASIL-D,Passed,None,"The action part uses 'shall' as required. It avoids vague terms, specifies a clear, measurable action (logging a defined status 'REVERSED'), and is verifiable through log inspection. It also addresses a single distinct requirement without combining multiple actions."
34,REQ-LLD-035,"When the user selects a withdrawal amount, the [ATM Client Terminal] shall query the local `vault_balance_current` tracking variable.",Released,ASIL-A,Passed,None,"The action part uses 'shall' as required. It avoids vague terms, specifies a concrete action (querying a named variable), is verifiable through system behavior checks, and describes a single distinct requirement without combining multiple actions."
35,REQ-LLD-036,"If the selected amount is greater than `vault_balance_current`, the [ATM Client Terminal] shall cancel message packaging sequences.",Released,ASIL-A,Passed,None,"The action part 'the [ATM Client Terminal] shall cancel message packaging sequences' adheres to all INCOSE/ASPICE rules: it uses 'shall', avoids vague terms, is verifiable (can be tested by checking if message packaging sequences are canceled when the condition is met), and specifies a single distinct action without combining multiple requirements."
36,REQ-LLD-037,"Where multi-tenant message routing logic is applied, the [ATM Controller] shall partition channel identifiers into isolated memory segments.",Released,ASIL-D,Passed,None,"The action part 'the [ATM Controller] shall partition channel identifiers into isolated memory segments' complies with all INCOSE/ASPICE rules. It uses the required modal verb 'shall', avoids vague terms (all terms are technical and specific), is verifiable through design/implementation checks, and addresses a single distinct requirement without combining multiple actions."
37,REQ-LLD-038,"When a channel identifier is verified, the Network Message Routing Logic shall apply an explicit routing mask matching that channel ID.",Released,ASIL-D,Passed,None,"The action part uses 'shall' (Rule 1), avoids vague terms (e.g., 'explicit' and 'matching' are technically defined in context), is verifiable through system validation of routing mask application (Rule 3), and addresses a single distinct action without combining requirements (Rule 4)."
38,REQ-LLD-039,"When the Security Gateway identifies a fraud risk flag, the [CBS Bank Host] shall terminate the associated database transaction thread.",Released,ASIL-D,Review,LLM Error,LLM analysis failed: LLM response is empty or not a string.
39,REQ-LLD-040,"When a database transaction thread is terminated due to fraud, the Security Gateway shall flag the account identifier status as SUSPENDED.",Released,ASIL-D,Passed,None,"The action part 'the Security Gateway shall flag the account identifier status as SUSPENDED' complies with all INCOSE/ASPICE rules. It uses the required modal verb 'shall', avoids vague terms (all terms are specific and contextually defined), is verifiable through system state checks, and addresses a single distinct action without combining multiple requirements."
40,REQ-LLD-041,"If the terminal hardware cover switch transitions to open, the [ATM Client Terminal] shall clear its volatile encryption key registers.",Released,ASIL-C,Passed,None,The action part uses 'shall' as required. It contains no vague terms (all technical terms like 'transitions to open' and 'volatile encryption key registers' are precise). The requirement is verifiable by testing the system's response to the switch state change. It addresses a single distinct action without combining multiple requirements.
41,REQ-LLD-042,"When the encryption key registers are cleared, the [ATM Client Terminal] shall transmit a silent alert signal code to the middleware router.",Released,ASIL-C,Review,LLM Error,LLM analysis failed: LLM response is empty or not a string.
42,REQ-LLD-043,"When the Transaction Authorization Router receives a packet, it shall assign the packet to the `core.authorizeWithdrawal()` execution queue.",Released,ASIL-B,Review,LLM Error,LLM analysis failed: LLM response is empty or not a string.
43,REQ-LLD-044,"When the packet is queued, the Transaction Authorization Router shall verify that execution starts within 50 milliseconds.",Released,ASIL-B,Passed,None,"The action part uses 'shall' as required. It contains no vague terms, as 'within 50 milliseconds' is specific and measurable. The requirement is verifiable through timing measurements. It addresses a single action (verification of execution start time) without combining multiple requirements."
44,REQ-LLD-045,"Where power failure occurs at the terminal, the [ATM Client Terminal] shall redirect its processing logic to run off its onboard backup capacitors.",Released,ASIL-D,Passed,None,"The action part uses the required modal verb 'shall', avoids vague terms, is verifiable through testing whether processing logic redirects to backup capacitors during power failure, and addresses a single distinct action without combining multiple requirements."
45,REQ-LLD-046,"While running off backup capacitors, the [ATM Client Terminal] shall copy unwritten log frames into non-volatile flash storage blocks.",Released,ASIL-D,Passed,None,"The action part uses the required modal verb 'shall', contains no vague or subjective terms, is verifiable by checking the presence and integrity of copied log frames in non-volatile storage post-power loss, and specifies a single distinct action without combining multiple requirements."
46,REQ-LLD-047,"When a user cancels during the PIN Verification Loop, the [ATM Client Terminal] shall de-energize the card capture latch mechanism.",Released,ASIL-A,Passed,None,"The action part 'the [ATM Client Terminal] shall de-energize the card capture latch mechanism' complies with all INCOSE/ASPICE rules: it uses 'shall', avoids vague terms, is verifiable (e.g., through system state checks or sensor feedback), and specifies a single distinct action without combining requirements."
47,REQ-LLD-048,"When the card capture latch mechanism de-energizes, the [ATM Client Terminal] shall pulse the card intake motor in reverse for 1500 milliseconds.",Released,ASIL-A,Passed,None,"The action part uses the required modal verb 'shall', contains no vague or subjective terms, specifies a measurable duration (1500 milliseconds), and describes a single distinct action (pulsing the card intake motor in reverse). The requirement is verifiable through measurement of the motor pulse duration and direction."
48,REQ-LLD-049,"If the [ATM Controller] experiences a crash, the User Session State Handler shall reload the last cached state record from storage upon reboot.",Released,ASIL-B,Passed,None,"The action part 'the User Session State Handler shall reload the last cached state record from storage upon reboot' complies with all INCOSE/ASPICE rules. It uses the required modal verb 'shall', contains no vague or subjective terms, is verifiable (e.g., by testing reboot scenarios and verifying state record reloading), and addresses a single distinct requirement without combining multiple actions."
49,REQ-LLD-050,"When the last cached state record is reloaded, the User Session State Handler shall issue an audit validation call to checking routers.",Released,ASIL-B,Review,Rule 2,"The term 'checking routers' is vague and subjective. The action part does not specify the criteria or mechanism for 'checking,' making it unverifiable and immeasurable. The requirement should define objective, quantifiable criteria for the audit validation call (e.g., 'validate against core node records' or 'compare with system state data'). The original rationale provides context but does not resolve the ambiguity in the action part itself."
50,REQ-LLD-051,The [ATM Client Terminal] should try to run `client.verifyPINFormat()` quickly whenever a user plays with the physical inputs.,InWork,ASIL-A,Review,LLM Error,LLM analysis failed: LLM response is empty or not a string.
51,REQ-LLD-052,"When the PIN is entered, the client should think about format verification and handle things gracefully if it looks weird.",InWork,ASIL-B,Review,LLM Error,LLM analysis failed: LLM response is empty or not a string.
52,REQ-LLD-053,The `middleware.router.routeRequest()` logic must execute instantly so that the user does not get annoyed waiting at the terminal.,InWork,ASIL-D,Review,LLM Error,LLM analysis failed: LLM response is empty or not a string.
53,REQ-LLD-054,The middleware router shall handle the handshake packet perfectly and never drop any transaction data unless something bad happens.,InWork,ASIL-D,Review,LLM Error,LLM analysis failed: LLM response is empty or not a string.
54,REQ-LLD-055,The [ATM Client Terminal] shall pack up the withdrawal amount and send the payload packet to the controller in an agile manner.,InWork,ASIL-B,Review,Rule 2,"The term 'agile manner' is vague and subjective, lacking measurable criteria to verify compliance. ASPICE/INCOSE requires requirements to use objective, testable language, which this statement fails to achieve."
55,REQ-LLD-056,"If a user selects exactly $100, the client system should push that payload through the wires and hope for a quick reply token.",InWork,ASIL-B,Review,LLM Error,LLM analysis failed: LLM response is empty or not a string.
56,REQ-LLD-057,The `core.checkLedgerBalance()` routine must look up the customer database really fast without causing any server lag at all.,InWork,ASIL-B,Review,LLM Error,LLM analysis failed: LLM response is empty or not a string.
57,REQ-LLD-058,"When the host gets a ledger balance query, it should run its database scripts nicely and pass data back if things are cool.",InWork,ASIL-B,Review,LLM Error,LLM analysis failed: LLM response is empty or not a string.
58,REQ-LLD-059,"If PIN verification loop fails, the system should basically let the user try again until they get it right or get tired.",InWork,ASIL-B,Review,LLM Error,LLM analysis failed: No JSON block found in LLM response.
59,REQ-LLD-060,The loop module must verify PIN codes and retry transactions and block bad users and display nice screens all at once.,InWork,ASIL-B,Review,LLM Error,LLM analysis failed: LLM response is empty or not a string.
60,REQ-LLD-061,"When `DispenseCash` is called, cash money should fly out of the terminal vault shutter safely and quickly every single time.",InWork,ASIL-D,Review,LLM Error,LLM analysis failed: LLM response is empty or not a string.
61,REQ-LLD-062,"If an approval token shows up at the terminal dispenser, it must process the cash dispensing thing like we talked about in the meeting.",InWork,ASIL-D,Review,LLM Error,LLM analysis failed: LLM response is empty or not a string.
62,REQ-LLD-063,The Error Handling & Logging block should catch gateway errors and write them somewhere safe without taking up too much disk room.,InWork,ASIL-B,Review,LLM Error,LLM analysis failed: LLM response is empty or not a string.
63,REQ-LLD-064,"Where security gateway logs are generated, the logging database must save them beautifully so engineers can read them easily.",InWork,ASIL-A,Review,"Rule 1, Rule 2","The action part violates Rule 1 by using 'must' instead of the required modal verb 'shall'. It also violates Rule 2 due to the inclusion of vague and subjective terms 'beautifully' and 'easily', which are not measurable or verifiable. The statement fails to meet both syntactic and semantic requirements for INCOSE/ASPICE compliance."
64,REQ-LLD-065,"When the cash is gone, `client.dispenser.dispenseStatus()` needs to update the controller state quickly before the user walks away.",InWork,ASIL-B,Review,LLM Error,LLM analysis failed: LLM response is empty or not a string.
65,REQ-LLD-066,The terminal state update packet must be sent to the middleware loop so that management can track terminal metrics over the web.,InWork,ASIL-A,Review,LLM Error,LLM analysis failed: LLM response is empty or not a string.
66,REQ-LLD-067,"If the host connection times out, the middleware should try its best to fix the line or pop up an error message eventually.",InWork,ASIL-B,Review,LLM Error,LLM analysis failed: LLM response is empty or not a string.
67,REQ-LLD-068,"When a core timeout token happens, the controller should throw a fit and tell the terminal that things are broken.",InWork,ASIL-A,Review,LLM Error,LLM analysis failed: LLM response is empty or not a string.
68,REQ-LLD-069,The User Session State Handler should destroy data pools when the user goes idle for a little bit to block sneaky hackers.,InWork,ASIL-B,Review,LLM Error,LLM analysis failed: LLM response is empty or not a string.
69,REQ-LLD-070,"When session timeouts trigger, the system must clean up active variables so the machine looks fresh for the next person using it.",InWork,ASIL-A,Review,LLM Error,LLM analysis failed: LLM response is empty or not a string.
70,REQ-LLD-071,The routing logic must handle a ton of requests at the same time without showing any signs of system stress or slowdowns.,InWork,ASIL-B,Review,LLM Error,LLM analysis failed: LLM response is empty or not a string.
71,REQ-LLD-072,"While routing logic is dealing with massive traffic, it should execute code flawlessly like modern high-end software.",InWork,ASIL-B,Review,"Rule 1, Rule 2, Rule 3","The action part violates multiple rules: 1) Uses 'should' instead of the required modal verb 'shall'. 2) Contains vague/subjective terms 'flawlessly' and 'like modern high-end software', which are not measurable. 3) The statement is not verifiable as it lacks quantifiable criteria for 'flawless execution' or a defined benchmark for 'modern high-end software'. The original rationale correctly identifies the meaningless comparison and subjective language."
72,REQ-LLD-073,"If the validation engine sees a messed up payload block, it should drop it like a hot potato and throw a massive error code.",InWork,ASIL-D,Review,"Rule 1, Rule 2, Rule 3, Rule 4","The action part violates multiple rules. Rule 1: Uses 'should' instead of the required modal verb 'shall'. Rule 2: Contains vague and subjective terms ('drop it like a hot potato', 'massive error code'). Rule 3: The terms 'drop it like a hot potato' and 'massive error code' are not verifiable or measurable. Rule 4: Combines two distinct actions (dropping the payload and throwing an error code) into a single statement."
73,REQ-LLD-074,"When corrupted data payloads arrive at the middleware layer, the system should handle them safely without exploding the application.",InWork,ASIL-D,Review,Rule 1 and Rule 2,"The action part uses 'should' instead of the required modal verb 'shall', violating Rule 1. Additionally, the terms 'safely' and 'without exploding the application' are vague and subjective, violating Rule 2. The requirement lacks measurable criteria for verification, as 'safely' and 'exploding' are not quantifiable or testable conditions."
74,REQ-LLD-075,"If the ledger database goes to sleep, the host router should tell everyone that requests are totally blocked for now.",InWork,ASIL-B,Review,"Rule 1, Rule 2, Rule 3","The action part violates multiple rules: 1) It uses 'should' instead of the required modal verb 'shall'. 2) It contains vague terms ('goes to sleep', 'tell everyone', 'totally blocked') that are ambiguous and subjective. 3) The statement is not verifiable or measurable due to these ambiguous terms, as there is no defined criteria for what constitutes 'sleep', 'everyone', or 'totally blocked'. The original rationale correctly identifies these issues."
75,REQ-LLD-076,"When account databases fail, the system must drop core requests beautifully so the network backend does not get ruined.",InWork,ASIL-B,Review,LLM Error,LLM analysis failed: LLM response is empty or not a string.
76,REQ-LLD-077,The display screen must hide user key entries with stars or dots so that bad people behind them can't see the secret numbers.,InWork,ASIL-B,Review,"Rule 1, Rule 2","The action part violates Rule 1 by using 'must' instead of the required modal verb 'shall'. It also violates Rule 2 by containing vague and subjective terms 'bad people' and 'secret numbers', which are non-technical and emotional phrasing. The requirement should be rephrased to use 'shall' and replace subjective terms with precise technical language (e.g., 'unauthorized observers' and 'input data')."
77,REQ-LLD-078,"When physical keys are clicked, the UI needs to react super fast so the user knows their key input actually worked fine.",InWork,ASIL-B,Review,"Rule 1, Rule 2, Rule 3","The action part violates Rule 1 by using 'needs to' instead of the required modal verb 'shall'. It violates Rule 2 by including vague terms 'super fast' and 'worked fine', which are subjective and lack precision. It also violates Rule 3 because the statement is not verifiable or measurable without specific quantitative criteria (e.g., response time in milliseconds)."
78,REQ-LLD-079,The terminal application must scramble the transaction payload with AES code so well that no one can decrypt it ever.,InWork,ASIL-D,Review,"Rule 1, Rule 2, Rule 3",The action part uses 'must' instead of the required modal verb 'shall' (Rule 1). It contains vague and subjective terms 'so well' and 'no one can decrypt it ever' (Rule 2). The statement is not verifiable or measurable as there is no defined criteria to assess the effectiveness of the scrambling (Rule 3).
79,REQ-LLD-080,"Where payloads flow across wires, they should be encrypted using super modern tools that match global corporate standards.",InWork,ASIL-D,Review,LLM Error,LLM analysis failed: LLM response is empty or not a string.
80,REQ-LLD-081,"If the cash machine gets jammed up, the terminal software should think about stopping before it breaks more plastic gears.",InWork,ASIL-D,Review,LLM Error,LLM analysis failed: LLM response is empty or not a string.
81,REQ-LLD-082,"When dispensing hardware throws an alert, the local interface loop should stop running things until a repair technician fixes it.",InWork,ASIL-D,Review,LLM Error,LLM analysis failed: LLM response is empty or not a string.
82,REQ-LLD-083,"If an approval token takes forever to get to the controller, the middleware should run an auto-reversal scheme automatically.",InWork,ASIL-D,Review,Rule 1,The action part uses 'should' instead of the required modal verb 'shall'. INCOSE/ASPICE mandates the use of 'shall' for imperative requirements to ensure clarity and enforceability. The statement 'the middleware should run an auto-reversal scheme automatically' violates this rule.
83,REQ-LLD-084,"When token delays happen inside the middleware application, the system should reverse ledger changes nicely to avoid complaints.",InWork,ASIL-D,Review,LLM Error,LLM analysis failed: LLM response is empty or not a string.
84,REQ-LLD-085,"When a customer wants a lot of cash, the terminal must quickly check if the vault box has enough money left inside it.",InWork,ASIL-A,Review,LLM Error,LLM analysis failed: LLM response is empty or not a string.
85,REQ-LLD-086,"If the user requests more money than the vault holds, the screen must display an insufficient funds alert in a nice bold font.",InWork,ASIL-A,Review,LLM Error,LLM analysis failed: LLM response is empty or not a string.
86,REQ-LLD-087,The middleware application should isolate tenant data structures so perfectly that cross-site leakage is completely impossible.,InWork,ASIL-D,Review,"Rule 1, Rule 2, Rule 3","The action part violates Rule 1 by using 'should' instead of 'shall'. It violates Rule 2 due to vague terms 'perfectly' and 'completely impossible', which are subjective and unmeasurable. It also violates Rule 3 because the requirement is not verifiable or measurable, as 'completely impossible' sets an unachievable and untestable standard."
87,REQ-LLD-088,"Where multi-tenant message routing logic is running, it must separate data lines clearly so info does not mix up weirdly.",InWork,ASIL-D,Review,"Rule 1, Rule 2, Rule 3","The action part violates Rule 1 by using 'must' instead of the required modal verb 'shall'. It violates Rule 2 due to the vague and subjective term 'mix up weirdly', which lacks precision. It also violates Rule 3 because 'mix up weirdly' is not verifiable or measurable, as there is no defined metric or testable condition to confirm compliance."
88,REQ-LLD-089,"When fraud flags are raised by the gateway, the host bank system should freeze everything instantly to protect user funds.",InWork,ASIL-D,Review,LLM Error,LLM analysis failed: LLM response is empty or not a string.
89,REQ-LLD-090,"If a bad transaction signature is caught by security routers, the system must block it fast before any money is lost.",InWork,ASIL-D,Review,"Rule 1, Rule 2, Rule 3","The action part violates multiple rules: 1) It uses 'must' instead of the required modal verb 'shall'. 2) It contains vague terms 'fast' and 'before any money is lost', which are subjective and lack measurable criteria. 3) The statement is not verifiable due to the undefined timelines and ambiguous condition 'any money is lost'. These issues prevent objective validation and compliance with INCOSE/ASPICE standards."
90,REQ-LLD-091,"If the terminal box is cracked open by bad guys, the local computer must delete its keys before the bad guys steal them.",InWork,ASIL-C,Review,LLM Error,LLM analysis failed: LLM response is empty or not a string.
91,REQ-LLD-092,"When structural tamper alerts trigger at the terminal edge layer, state messages should fly up to the central cloud tracker.",InWork,ASIL-C,Review,LLM Error,LLM analysis failed: LLM response is empty or not a string.
92,REQ-LLD-093,The Transaction Authorization Router should send packets down to the account ledger database as fast as humanly possible.,InWork,ASIL-B,Review,LLM Error,LLM analysis failed: LLM response is empty or not a string.
93,REQ-LLD-094,"When a core request is captured by routing modules, it should hit the ledger DB database layer within a split second.",InWork,ASIL-B,Review,"Rule 1, Rule 2, Rule 3","The action part violates multiple rules: 1) Uses 'should' instead of the required modal verb 'shall'. 2) Contains the vague term 'split second', which is subjective and not quantifiable. 3) The requirement is not verifiable or measurable due to the imprecise timing expression. The original rationale correctly identifies the issue with colloquial timing expressions."
94,REQ-LLD-095,"If the terminal wall socket power goes dead, the system should save everything to memory and hope it boots up fine later.",InWork,ASIL-D,Review,"Rule 1, Rule 2, Rule 3","The action part violates Rule 1 by using 'should' instead of 'shall'. It violates Rule 2 due to vague terms 'hope it boots up fine later', which are subjective and non-measurable. It also violates Rule 3 as the expectation 'boots up fine later' is not verifiable or testable. The requirement combines saving data (measurable) with an unverifiable outcome, but the primary issues stem from modal verb misuse and vagueness."
95,REQ-LLD-096,"Where brownouts happen at the physical station, the terminal should run on backup power long enough to make sure logs look good.",InWork,ASIL-D,Review,LLM Error,LLM analysis failed: LLM response is empty or not a string.
96,REQ-LLD-097,"When a user hits the cancel button during PIN checks, the card slot mechanism should unlock immediately without getting jammed.",InWork,ASIL-A,Review,"Rule 1, Rule 2, Rule 3, Rule 4",The action part violates multiple rules: 1) Uses 'should' instead of mandatory 'shall'. 2) Contains vague terms 'immediately' and 'without getting jammed' which are subjective and unmeasurable. 3) The requirement is not verifiable as 'without getting jammed' is a mechanical wish rather than a testable software action. 4) Combines two distinct requirements (unlocking and jam prevention) into a single statement.
97,REQ-LLD-098,"If the user gets scared and cancels the transaction loop, the terminal system should spit their card back out gracefully.",InWork,ASIL-A,Review,LLM Error,LLM analysis failed: LLM response is empty or not a string.
98,REQ-LLD-099,"When the controller application reboots after a bad crash, it must fix its broken memory states magically and start working again.",InWork,ASIL-B,Review,LLM Error,LLM analysis failed: LLM response is empty or not a string.
99,REQ-LLD-100,The controller should make sure everything is okay when it wakes up from a crash so data loops look totally fine.,InWork,ASIL-B,Review,LLM Error,LLM analysis failed: LLM response is empty or not a string.
100,REQ-LLD-101,The [ATM Client Terminal] internal card reader hardware driver shall parse ISO 7816 track data formats within 200 milliseconds of card insertion.,Released,ASIL-C,Passed,None,"The action part uses the required modal verb 'shall', contains no vague or subjective terms (specific standard 'ISO 7816' and measurable time '200 milliseconds'), is verifiable through timing measurements of the parsing process, and addresses a single distinct requirement (parsing speed of card data). The requirement is focused and compliant with all specified rules."
101,REQ-LLD-102,"When track data parsing completes, the [ATM Client Terminal] shall copy the primary account number (PAN) to local volatile RAM segment B1.",Released,ASIL-C,Passed,None,"The action part uses 'shall', contains specific technical terms without vagueness, is verifiable by checking the presence of PAN in RAM segment B1, and describes a single distinct action without combining multiple requirements."
102,REQ-LLD-103,"If the parsed card track data fails a Longitudinal Redundancy Check (LRC), the [ATM Client Terminal] shall flag the card format as corrupted.",Released,ASIL-C,Passed,None,"The action part uses the required modal verb 'shall', avoids vague terms (e.g., 'fails a Longitudinal Redundancy Check' and 'flag the card format as corrupted' are specific and measurable), is verifiable through system testing (e.g., checking if the flag is set when LRC fails), and does not combine multiple distinct requirements (only one action is specified)."
103,REQ-LLD-104,The [ATM Client Terminal] shall execute a dynamic display refresh loop exactly every 16 milliseconds to maintain a 60Hz UI frame rate.,Released,ASIL-A,Passed,None,"The action part uses 'shall', contains no vague terms (specifies 'exactly every 16 milliseconds' and '60Hz'), is verifiable through measurement of loop timing and frame rate, and addresses a single distinct requirement (executing the refresh loop at the specified interval)."
104,REQ-LLD-105,"While rendering font characters on the terminal screen, the LCD driver module shall apply anti-aliasing filtering curves automatically.",Released,ASIL-A,Review,LLM Error,LLM analysis failed: LLM response is empty or not a string.
105,REQ-LLD-106,"When a user touches the capacitive screen panel, the sensor interface driver shall calculate the raw pixel coordinate point within 5 milliseconds.",Released,ASIL-A,Review,LLM Error,LLM analysis failed: LLM response is empty or not a string.
106,REQ-LLD-107,"If the capacitive touch coordinate falls outside the active UI button bounding box, the touch input shall be discarded by the client.",Released,ASIL-A,Passed,None,"The action part uses the required modal verb 'shall', avoids vague terms, is verifiable through geometric coordinate checks against defined bounding box boundaries, and addresses a single distinct requirement without combining multiple actions."
107,REQ-LLD-108,The [ATM Client Terminal] local keypad controller shall execute an internal de-bounce delay loop of exactly 20 milliseconds per key depression.,Released,ASIL-B,Passed,None,"The action part uses the modal verb 'shall', contains no vague terms (specifies 'exactly 20 milliseconds'), is verifiable through measurement of the delay loop timing, and addresses a single distinct requirement (executing a de-bounce delay loop). The requirement is specific, measurable, and unambiguous."
108,REQ-LLD-109,"When a physical keypad button is released, the keypad encoder shall clear its internal interrupt request (IRQ) latch instantly.",Released,ASIL-B,Review,LLM Error,LLM analysis failed: LLM response is empty or not a string.
109,REQ-LLD-110,The [ATM Controller] internal file system shall rotate trace log files as soon as an individual log file allocation size hits 10MB.,Released,ASIL-A,Passed,None,"The action part uses 'shall', contains no vague terms (all terms like 'rotate', 'allocation size', and '10MB' are specific and measurable), is verifiable through file size monitoring and rotation testing, and addresses a single distinct requirement without combining multiple actions."
110,REQ-LLD-111,"When log file rotation occurs, the middleware application shall compress the old text ledger file into a standard GZIP format block.",Released,ASIL-A,Passed,None,"The action part 'the middleware application shall compress the old text ledger file into a standard GZIP format block' complies with all INCOSE/ASPICE rules. It uses the modal verb 'shall', avoids vague terms (GZIP is a standardized format), is verifiable (compression can be tested), and specifies a single distinct action (compression of the file)."
111,REQ-LLD-112,"If the middleware log partition drops below 15% free space, the [ATM Controller] shall delete the oldest compressed log archive files.",Released,ASIL-A,Passed,None,"The action part uses the required modal verb 'shall', avoids vague terms (specifies '15% free space' and 'oldest compressed log archive files'), is verifiable through measurable conditions (free space threshold and file deletion), and addresses a single distinct requirement (deletion of specific files under a specific condition). The original rationale aligns with the requirement's purpose without introducing non-compliance."
112,REQ-LLD-113,The [ATM Controller] memory allocation pool shall pre-allocate 512KB of static RAM for each connection thread during initialization.,Released,ASIL-B,Passed,None,"The action part uses the required modal verb 'shall', contains no vague or subjective terms (all parameters are quantifiable: 512KB, static RAM, connection thread, initialization), is verifiable through memory allocation testing during initialization, and specifies a single distinct action without combining multiple requirements."
113,REQ-LLD-114,"When a connection thread completes execution, the [ATM Controller] garbage collector shall free the associated memory block within 10 milliseconds.",Released,ASIL-B,Passed,None,"The action part uses 'shall', contains no vague terms, is verifiable (10 milliseconds is measurable), and specifies a single distinct action. It aligns with the full requirement's context and meets all INCOSE/ASPICE criteria."
114,REQ-LLD-115,"If the [ATM Controller] garbage collection loop fails to reclaim a memory pointer, the system shall flag a Leak Warning code.",Released,ASIL-B,Review,Rule 3,"The action part 'flag a Leak Warning code' is not verifiable and measurable because the specific 'Leak Warning code' identifier (e.g., error number, code value) is not defined in the requirement. Without explicit criteria or a reference to a defined code, it cannot be objectively confirmed whether the system complies with this action."
115,REQ-LLD-116,The [ATM Client Terminal] internal proximity sensor shall scan for physical obstacles within a 1-meter radius every 500 milliseconds.,Released,ASIL-A,Review,Rule 2,"The term 'physical obstacles' is vague and subjective. The requirement does not define what constitutes a 'physical obstacle' (e.g., size, material, or type of object), making it unverifiable and ambiguous. A measurable definition (e.g., 'objects with a diameter greater than 5 cm' or 'any solid object within the detection range') would be required to comply with Rule 2."
116,REQ-LLD-117,"When the proximity sensor reads zero obstacles for 5 consecutive minutes, the client shall step down the LCD backlight to low-power sleep mode.",Released,ASIL-A,Passed,None,"The action part correctly uses the modal verb 'shall', avoids vague terms, is verifiable through measurable conditions (5 consecutive minutes of zero obstacles), and specifies a single distinct action (stepping down LCD backlight to low-power sleep mode). The requirement is self-contained and compliant with INCOSE/ASPICE standards."
117,REQ-LLD-118,"When an obstacle is detected while the LCD is in sleep mode, the client shall instantly ramp up the backlight array to 100% luminance.",Released,ASIL-A,Review,LLM Error,LLM analysis failed: LLM response is empty or not a string.
118,REQ-LLD-119,The [ATM Client Terminal] physical receipt printer driver shall monitor the internal paper roll carriage feed sensor continuously.,Released,ASIL-A,Review,LLM Error,LLM analysis failed: LLM response is empty or not a string.
119,REQ-LLD-120,"If the paper roll feed sensor detects a paper out state, the receipt printer driver shall assert an internal PRINTER_DRY flag line.",Released,ASIL-A,Passed,None,"The action part uses the required modal verb 'shall', avoids vague terms (e.g., 'detects a paper out state' and 'assert an internal PRINTER_DRY flag line' are specific and measurable), is verifiable through sensor detection and flag assertion, and contains only a single distinct requirement without combining multiple actions."
120,REQ-LLD-121,"While the PRINTER_DRY flag line is asserted, the client terminal configuration shall hide the print optional receipt checkbox from the UI.",Released,ASIL-A,Passed,None,"The action part uses 'shall', contains no vague terms, is verifiable (can be tested by asserting PRINTER_DRY and checking UI visibility), and addresses a single requirement (hiding the checkbox when the flag is asserted)."
121,REQ-LLD-122,The [ATM Client Terminal] thermal receipt print head shall limit its local heating pulse width duration to a maximum of 1.2 milliseconds per line.,Released,ASIL-A,Passed,None,"The action part uses 'shall' as required, contains no vague terms (specific measurement '1.2 milliseconds per line' is objective), is verifiable through measurement of pulse width duration, and addresses a single distinct requirement without combining multiple actions."
122,REQ-LLD-123,"When a print sequence terminates, the paper cutter motor relay shall trigger a full scissor sweep across the paper lane within 100 milliseconds.",Released,ASIL-A,Passed,None,"The action part uses the modal verb 'shall', avoids vague terms (assuming 'full scissor sweep' and 'paper lane' are defined system terms), specifies a measurable time constraint (100 milliseconds), and describes a single distinct action (triggering the sweep). The requirement is verifiable through timing measurements relative to the print sequence termination event."
123,REQ-LLD-124,The [ATM Controller] internal network interface card driver shall process TCP socket connection keep-alive pings exactly every 10 seconds.,Released,ASIL-B,Passed,None,"The action part uses 'shall' (Rule 1), contains no vague terms (Rule 2), is verifiable through measurement of the 10-second interval (Rule 3), and addresses a single distinct action (Rule 4). The requirement specifies a precise, measurable behavior without ambiguity."
124,REQ-LLD-125,"If a keep-alive ping response is not captured within 3 seconds, the network driver shall flag the socket as DISCONNECTED.",Released,ASIL-B,Passed,None,"The action part 'the network driver shall flag the socket as DISCONNECTED' complies with all INCOSE/ASPICE rules. It uses 'shall' (Rule 1), avoids vague terms (Rule 2), is verifiable through socket state checks (Rule 3), and describes a single distinct action (Rule 4). The original rationale's use of 'quickly' does not affect the action part's compliance."
125,REQ-LLD-126,"When a network socket flags a DISCONNECTED state, the network driver shall initiate an auto-reconnect sequence up to 5 times.",Released,ASIL-B,Passed,None,"The action part 'the network driver shall initiate an auto-reconnect sequence up to 5 times' complies with all INCOSE/ASPICE rules. It uses the required modal verb 'shall', contains no vague terms (e.g., 'up to 5 times' is specific and measurable), is verifiable through testing the number of reconnection attempts, and addresses a single distinct action without combining multiple requirements."
126,REQ-LLD-127,The [ATM Controller] application shall compute a 32-bit Cyclic Redundancy Check (CRC32) across all configuration text profiles on startup.,Released,ASIL-A,Passed,None,"The action part uses the required modal verb 'shall', avoids vague terms (CRC32 is a standardized algorithm, 'configuration text profiles' and 'on startup' are contextually defined), is verifiable through testing the CRC32 computation, and specifies a single distinct action without combining multiple requirements."
127,REQ-LLD-128,"If the computed configuration CRC32 value mismatches the stored master hash, the controller shall halt execution instantly.",Released,ASIL-B,Review,Rule 2,"The term 'instantly' is vague and subjective. It does not define a measurable time frame for halting execution, making verification impossible. The requirement should specify an objective criterion (e.g., 'within 1 millisecond' or 'before the next system cycle') to ensure testability and compliance."
128,REQ-LLD-129,The [CBS Bank Host] database engine shall index incoming ledger records using a balanced B-Tree schema structured on the account ID key.,Released,ASIL-B,Passed,None,"The action part uses 'shall', contains no vague terms (all technical terms like 'balanced B-Tree schema' and 'account ID key' are standard and measurable), is verifiable through database schema validation, and specifies a single distinct action without combining multiple requirements."
129,REQ-LLD-130,"When a B-Tree node split occurs during indexing, the database engine shall update adjacent node pointers within 15 milliseconds.",Released,ASIL-B,Passed,None,"The action part 'the database engine shall update adjacent node pointers within 15 milliseconds' complies with all INCOSE/ASPICE rules. It uses the required modal verb 'shall', avoids vague terms (specific measurable time frame of 15 milliseconds is used), is verifiable through timing measurements, and addresses a single distinct action (updating adjacent node pointers). The requirement is contextually aligned with the full requirement's trigger (B-Tree node split during indexing) and rationale (preventing indexing corruption via timely rebalancing)."
130,REQ-LLD-131,The [CBS Bank Host] internal hardware clock module shall sync its timestamp with a stratum 1 NTP server once every 60 minutes.,Released,ASIL-A,Passed,None,"The action part uses the required modal verb 'shall', contains no vague or subjective terms (e.g., 'stratum 1 NTP server' and 'once every 60 minutes' are specific and measurable), is verifiable through system logs or synchronization records, and does not combine multiple distinct requirements into a single statement."
131,REQ-LLD-132,"If the NTP server clock drift calculation exceeds 50 milliseconds, the host clock module shall adjust its system tick rate by 1% until synced.",Released,ASIL-A,Review,LLM Error,LLM analysis failed: No JSON block found in LLM response.
132,REQ-LLD-133,The [ATM Client Terminal] audio speaker amplifier circuit shall clip output voltage levels at 2.5V RMS to prevent driver blowouts.,Released,ASIL-A,Review,LLM Error,LLM analysis failed: LLM response is empty or not a string.
133,REQ-LLD-134,"When the user interface advances to a new screen layout, the terminal shall invoke a short beep audio file lasting exactly 100 milliseconds.",Released,ASIL-A,Review,Rule 2,"The term 'short' in 'short beep audio file' is subjective and vague, violating Rule 2. While the exact duration of 100 milliseconds is measurable, the adjective 'short' introduces ambiguity as it is not quantitatively defined and depends on interpretation. The requirement should specify only the objective duration without subjective descriptors."
134,REQ-LLD-135,The [ATM Client Terminal] internal climate monitoring controller shall turn on the internal heating element if temperatures drop below 5°C.,Released,ASIL-A,Passed,None,"The action part uses the required modal verb 'shall', contains no vague or subjective terms (specific temperature threshold of 5°C is measurable), is verifiable through temperature monitoring and heater activation testing, and addresses a single distinct requirement (heater activation under specific conditions)."
135,REQ-LLD-136,"When internal terminal temperatures exceed 45°C, the climate controller shall activate the chassis exhaust fan array at maximum speed.",Released,ASIL-A,Review,Rule 2,"The term 'maximum speed' is vague and subjective as it lacks a quantifiable definition. Without specifying a measurable value (e.g., RPM, percentage of maximum capacity, or a defined system state), the requirement cannot be objectively verified or tested, violating the rule against vague terms."
136,REQ-LLD-137,The [ATM Controller] shall deploy an asymmetric RSA-4096 cryptographic key exchange loop whenever a new client terminal connects.,Released,ASIL-D,Passed,None,"The action part uses the required modal verb 'shall', contains no vague or subjective terms (specifically references RSA-4096 which is a measurable standard), is verifiable through testing the key exchange initiation upon client connection, and does not combine multiple distinct requirements."
137,REQ-LLD-138,"When an RSA-4096 key pair is generated, the controller shall write the public key string to a volatile RAM buffer block.",Released,ASIL-D,Passed,None,"The action part uses 'shall' as required. It contains no vague terms (e.g., 'volatile RAM buffer block' is technically precise). The requirement is verifiable by checking if the public key string is written to the specified buffer block after RSA-4096 key generation. It addresses a single distinct action without combining multiple requirements."
138,REQ-LLD-139,The [ATM Client Terminal] physical card mouth bezel LED light ring shall pulse at a frequency of 1Hz while waiting for a card.,Released,ASIL-A,Passed,None,"The action part uses 'shall' as required. It specifies a measurable frequency (1Hz) and a clear condition ('while waiting for a card'), which is verifiable through system state monitoring. No vague terms are present, and the requirement describes a single distinct action without combining multiple requirements."
139,REQ-LLD-140,"When a card is successfully swallowed by the card slot, the bezel LED light ring shall shift to a solid illuminated state.",Released,ASIL-A,Passed,None,"The action part 'the card slot, the bezel LED light ring shall shift to a solid illuminated state' complies with all rules. It uses 'shall' (Rule 1), avoids vague terms (Rule 2), is verifiable through observable LED behavior (Rule 3), and addresses a single requirement (Rule 4). The mention of 'the card slot' is contextual but does not introduce a separate action or requirement."
140,REQ-LLD-141,The [CBS Bank Host] security gateway shall store active blocklisted IP ranges in a localized high-speed Radix tree data structure.,Released,ASIL-D,Review,Rule 2,"The term 'high-speed' is subjective and lacks quantifiable criteria. The requirement does not specify measurable performance metrics (e.g., lookup time in milliseconds, data throughput in operations per second) to objectively verify compliance. This violates Rule 2, which prohibits vague or subjective terms."
141,REQ-LLD-142,"When a packet is parsed by the security gateway, its source IP shall be checked against the Radix tree structure within 2 milliseconds.",Released,ASIL-D,Passed,None,"The action part uses the required modal verb 'shall', avoids vague terms by specifying a measurable time constraint (2 milliseconds) and a concrete technical operation (checking against Radix tree structure), is verifiable through timing measurements, and addresses a single distinct requirement without combining multiple actions."
142,REQ-LLD-143,The [ATM Client Terminal] local vault door sensor shall read the continuity status of the physical vault frame loop wire every 10 milliseconds.,Released,ASIL-C,Passed,None,"The action part uses the required modal verb 'shall', contains no vague or subjective terms (all terms like 'continuity status', 'physical vault frame loop wire', and 'every 10 milliseconds' are specific and measurable), is verifiable through timing and functional checks, and addresses a single distinct requirement without combining multiple actions."
143,REQ-LLD-144,"If the continuity status of the vault loop wire breaks, the terminal shall latch its electronic security alarm pin to an active-high state.",Released,ASIL-C,Passed,None,"The action part 'the terminal shall latch its electronic security alarm pin to an active-high state' complies with all rules: it uses 'shall', avoids vague terms, is verifiable (e.g., by measuring the pin state), and specifies a single distinct action. The inclusion of the condition in the action part does not violate the rules, as the focus is on the action's wording, which meets all requirements."
144,REQ-LLD-145,The [ATM Controller] diagnostic subsystem shall execute an automated RAM test across unallocated memory blocks every 24 hours.,Released,ASIL-A,Passed,None,"The action part uses the modal verb 'shall', contains no vague terms (all technical terms like 'automated RAM test', 'unallocated memory blocks', and 'every 24 hours' are measurable and objective), is verifiable through system logs or test execution records, and specifies a single distinct action without combining multiple requirements."
145,REQ-LLD-146,"If the automated RAM test encounters a single bit-flip error, the controller shall dispatch a maintenance request ticket flag.",Released,ASIL-B,Passed,None,"The action part 'the controller shall dispatch a maintenance request ticket flag' uses the required modal verb 'shall', avoids vague terms (assuming 'maintenance request ticket flag' is a defined system-specific term), is verifiable (dispatching a ticket flag can be confirmed via system logs or ticketing system records), and specifies a single distinct action (dispatching the ticket flag). The context from the full requirement confirms the condition (bit-flip error) and the rationale aligns with the requirement's purpose."
146,REQ-LLD-147,The [ATM Client Terminal] alphanumeric thermal receipt printer font set shall be loaded from an integrated onboard EEPROM chip on boot.,Released,ASIL-A,Passed,None,"The action part uses the required modal verb 'shall', contains no vague or subjective terms, is verifiable through boot process inspection and EEPROM data source validation, and specifies a single distinct action without combining multiple requirements."
147,REQ-LLD-148,"When the terminal font set loads, the printer driver shall cross-reference character widths to ensure font scale conformity.",Released,ASIL-A,Review,LLM Error,LLM analysis failed: LLM response is empty or not a string.
148,REQ-LLD-149,The [CBS Bank Host] transaction router shall use an internal round-robin balancing scheme to distribute database queries across server clusters.,Released,ASIL-B,Review,Rule 2,"The action part contains the term 'internal', which is vague and lacks a clear, objective definition within the requirement. Additionally, 'server clusters' may be ambiguous without explicit context or measurement criteria. Both terms introduce subjectivity, violating the rule against vague or subjective language."
149,REQ-LLD-150,"When a new database server cluster node enters an active state, the router shall include the node identifier in the round-robin loop within 1 second.",Released,ASIL-B,Passed,None,"The action part 'the router shall include the node identifier in the round-robin loop within 1 second' complies with all INCOSE/ASPICE rules. It uses 'shall', avoids vague terms (e.g., 'within 1 second' is measurable), is verifiable through timing measurements, and addresses a single distinct requirement without combining multiple actions."
150,REQ-LLD-151,The card reader hardware driver should read ISO cards super fast and work nicely with modern plastic bank card profiles.,InWork,ASIL-C,Review,LLM Error,LLM analysis failed: LLM response is empty or not a string.
151,REQ-LLD-152,"When track data is parsed, the system should dump it somewhere in RAM and hope it does not get mixed up with other data lines.",InWork,ASIL-C,Review,LLM Error,LLM analysis failed: LLM response is empty or not a string.
152,REQ-LLD-153,The terminal screen update must look super smooth and refresh so fast that the human eye cannot see any screen flickering at all.,InWork,ASIL-A,Review,LLM Error,LLM analysis failed: LLM response is empty or not a string.
153,REQ-LLD-154,The LCD display driver should show cool graphics and use high-end rendering styles like a video game console.,InWork,ASIL-A,Review,LLM Error,LLM analysis failed: LLM response is empty or not a string.
154,REQ-LLD-155,"When a customer clicks the screen, the system should pick up the touch coordinates instantly without being laggy.",InWork,ASIL-A,Review,LLM Error,LLM analysis failed: LLM response is empty or not a string.
155,REQ-LLD-156,Touch targets inside the terminal interface should be big enough so that users with thick fingers don't tap the wrong button.,InWork,ASIL-A,Review,"Rule 1, Rule 2, Rule 3","The action part violates multiple rules: 1) It uses 'should' instead of the required modal verb 'shall'. 2) It contains the vague term 'big enough', which is subjective and not quantifiable. 3) The statement is not verifiable or measurable due to the lack of specific criteria (e.g., minimum touch target size in millimeters). The requirement relies on imprecise structural metrics tied to subjective human traits ('thick fingers') without defining objective, testable parameters."
156,REQ-LLD-157,The terminal keyboard hardware driver must clean up electrical bounce signals nicely so everything feels crisp to the touch.,InWork,ASIL-B,Review,"Rule 1, Rule 2, Rule 3","The action part violates Rule 1 by using 'must' instead of the required modal verb 'shall'. It violates Rule 2 due to the inclusion of vague and subjective terms 'nicely' and 'feels crisp to the touch', which are not quantifiable. It also violates Rule 3 because the subjective terms make the requirement unverifiable and non-measurable. The action part does not combine multiple distinct requirements (Rule 4 is satisfied)."
157,REQ-LLD-158,"When keys are pressed down, the system should not lock up or act weird if the user bashes multiple buttons at once.",InWork,ASIL-B,Review,LLM Error,LLM analysis failed: LLM response is empty or not a string.
158,REQ-LLD-159,The internal log files on the middleware server should clean themselves up periodically so the drive does not get super full.,InWork,ASIL-A,Review,LLM Error,LLM analysis failed: LLM response is empty or not a string.
159,REQ-LLD-160,"When log compression runs, the system should use a compression tool that works beautifully and never corrupts zip text files.",InWork,ASIL-A,Review,LLM Error,LLM analysis failed: LLM response is empty or not a string.
160,REQ-LLD-161,"If space gets low on the middleware disk, the system should think about wiping out old logs that nobody care about anymore.",InWork,ASIL-A,Review,"Rule 1, Rule 2",The action part violates Rule 1 by using 'should' instead of the required modal verb 'shall'. It also violates Rule 2 due to the use of vague and subjective terms: 'think about wiping out' (anthropomorphic and non-verifiable) and 'nobody care about anymore' (subjective and unmeasurable). The statement is not verifiable (Rule 3) as it lacks measurable criteria for determining when old logs are no longer cared about or how 'thinking about wiping' translates to system behavior.
161,REQ-LLD-162,The middleware memory buffer must allocate an absolute ton of RAM so connection processing threads never feel starved.,InWork,ASIL-B,Review,LLM Error,LLM analysis failed: LLM response is empty or not a string.
162,REQ-LLD-163,The garbage collection software should run in the background and clean up dead memory blocks loops like magic.,InWork,ASIL-B,Review,LLM Error,LLM analysis failed: LLM response is empty or not a string.
163,REQ-LLD-164,"If a memory pointer leak happens, the app should fix itself automatically without bugging the main system developers.",InWork,ASIL-B,Review,LLM Error,LLM analysis failed: LLM response is empty or not a string.
164,REQ-LLD-165,The local proximity radar must check for people hanging around the ATM machine and make sure they are not creepy.,InWork,ASIL-A,Review,LLM Error,LLM analysis failed: LLM response is empty or not a string.
165,REQ-LLD-166,"When nobody is near the terminal booth, the monitor should turn down its lights to save cash on the electricity bill.",InWork,ASIL-A,Review,LLM Error,LLM analysis failed: LLM response is empty or not a string.
166,REQ-LLD-167,"If someone walks up to the kiosk, the display screen should wake up instantly and look incredibly bright and inviting.",InWork,ASIL-A,Review,LLM Error,LLM analysis failed: LLM response is empty or not a string.
167,REQ-LLD-168,The printer roll monitor should check if paper is left inside the slot and flash a warning if it looks empty.,InWork,ASIL-A,Review,LLM Error,LLM analysis failed: LLM response is empty or not a string.
168,REQ-LLD-169,"If the receipt paper is jammed up, the interface should stop offering printouts and guide the customer nicely.",InWork,ASIL-A,Review,LLM Error,LLM analysis failed: LLM response is empty or not a string.
169,REQ-LLD-170,The receipt print head must not get super hot or burn the paper if it prints out a really long receipt frame.,InWork,ASIL-A,Review,LLM Error,LLM analysis failed: LLM response is empty or not a string.
170,REQ-LLD-171,"When the paper is printed, the scissor blade motor should chop the slip off quickly without making too much noise.",InWork,ASIL-A,Review,LLM Error,LLM analysis failed: No JSON block found in LLM response.
171,REQ-LLD-172,The controller network stack must send keep-alive pings down the wire and ensure the line is fast and crisp.,InWork,ASIL-B,Review,"Rule 1, Rule 2, Rule 3, Rule 4","The action part violates Rule 1 by using 'must' instead of 'shall'. It violates Rule 2 and Rule 3 due to the vague and subjective terms 'fast and crisp', which are not measurable or verifiable. It also violates Rule 4 by combining two distinct requirements: sending keep-alive pings and ensuring line quality."
172,REQ-LLD-173,"If connection pings drop out, the driver should keep hammering the socket port forever until things come back alive.",InWork,ASIL-B,Review,"Rule 1, Rule 2, Rule 3",The action part violates Rule 1 by using 'should' instead of 'shall'. It violates Rule 2 due to vague terms like 'hammering the socket port' (undefined action) and 'things come back alive' (subjective condition). It violates Rule 3 as the statement is not measurable (no criteria for 'hammering' frequency or 'alive' state) or verifiable (no testable exit condition). Rule 4 is not violated as the action describes a single requirement.
173,REQ-LLD-174,The controller startup process should check its setup text files and make sure management didn't put bad configurations inside.,InWork,ASIL-A,Review,LLM Error,LLM analysis failed: LLM response is empty or not a string.
174,REQ-LLD-175,"If configuration profiles look weird on startup, the application should crash gracefully and display a cool error screen.",InWork,ASIL-B,Review,LLM Error,LLM analysis failed: LLM response is empty or not a string.
175,REQ-LLD-176,The core backend database must structure its indices beautifully using modern trees so lookup scripts run instantly.,InWork,ASIL-B,Review,LLM Error,LLM analysis failed: LLM response is empty or not a string.
176,REQ-LLD-177,"When database indices rebalance themselves, the server mainframe should not choke up or drop ongoing transactions.",InWork,ASIL-B,Review,"Rule 1, Rule 2, Rule 3, Rule 4",The action part violates multiple rules: 1) Uses 'should' instead of mandatory 'shall'. 2) Contains vague slang 'choke up' which is unprofessional and subjective. 3) 'Choke up' is not measurable or verifiable. 4) Combines two distinct requirements (preventing choking and preventing transaction drops) into a single statement.
177,REQ-LLD-178,The bank system master clock needs to talk to standard server clocks online so timestamps don't get out of sync.,InWork,ASIL-A,Review,LLM Error,LLM analysis failed: LLM response is empty or not a string.
178,REQ-LLD-179,"If the internal host clock drifts away, it should recalibrate itself quietly without causing any data anomalies.",InWork,ASIL-A,Review,LLM Error,LLM analysis failed: LLM response is empty or not a string.
179,REQ-LLD-180,The terminal audio speaker system must sound clear and loud enough so old people can hear the confirmation beeps easily.,InWork,ASIL-A,Review,LLM Error,LLM analysis failed: LLM response is empty or not a string.
180,REQ-LLD-181,"When a user hits a button, a cute confirmation chime should play through the speakers without sounding distorted.",InWork,ASIL-A,Review,Rule 1 and Rule 2,"The action part uses 'should' instead of the required modal verb 'shall', violating Rule 1. It also contains subjective terms 'cute confirmation chime' and 'without sounding distorted', which are not measurable or verifiable, violating Rule 2."
181,REQ-LLD-182,The internal air conditioner switch should turn on fans when the cabinet gets super hot inside so circuits do not melt.,InWork,ASIL-A,Review,LLM Error,LLM analysis failed: LLM response is empty or not a string.
182,REQ-LLD-183,"If the kiosk temperature goes below freezing, a heater should kick in fast to keep the computer boards warm and happy.",InWork,ASIL-A,Review,LLM Error,LLM analysis failed: LLM response is empty or not a string.
183,REQ-LLD-184,The controller application should deploy heavy cryptographic math when building connection sockets so hackers get confused.,InWork,ASIL-D,Review,"Rule 1, Rule 2","The action part violates Rule 1 by using 'should' instead of the required modal verb 'shall'. It also violates Rule 2 due to vague/subjective terms: 'heavy cryptographic math' (undefined quantitative criteria) and 'so hackers get confused' (subjective, unmeasurable emotional target). The statement is not verifiable (Rule 3) because 'heavy' and 'confused' lack measurable definitions. While the requirement combines a technical action with a security intent, the primary violations stem from modal verb usage and vagueness."
184,REQ-LLD-185,"When cryptographic public keys are built by the middleware layer, they should be stored safely in a super secure spot.",InWork,ASIL-D,Review,"Rule 1, Rule 2, Rule 3",The action part uses 'should' instead of the required modal verb 'shall' (Rule 1). It contains vague and subjective terms 'safely' and 'super secure spot' (Rule 2). The statement is not verifiable or measurable due to the lack of specific criteria for 'safely' and 'super secure spot' (Rule 3).
185,REQ-LLD-186,The LED ring around the card reader mouth should blink happily to attract customers walking down the street.,InWork,ASIL-A,Review,LLM Error,LLM analysis failed: LLM response is empty or not a string.
186,REQ-LLD-187,"When a payment card gets stuck in the reader, the LED slot light must flash red like crazy to show something went wrong.",InWork,ASIL-A,Review,LLM Error,LLM analysis failed: LLM response is empty or not a string.
187,REQ-LLD-188,The host blocklist tree data setup must hold millions of bad IP numbers and look them up super fast without stalling.,InWork,ASIL-D,Review,LLM Error,LLM analysis failed: LLM response is empty or not a string.
188,REQ-LLD-189,"When a client packet hits the security wall, the gateway should double-check its source path against the blocklist nicely.",InWork,ASIL-D,Review,"Rule 1, Rule 2","The action part violates Rule 1 by using 'should' instead of the required modal verb 'shall'. It also violates Rule 2 due to the vague and subjective terms 'double-check' and 'nicely', which are not measurable or verifiable. The statement fails to specify clear, objective criteria for the action, making compliance assessment impossible."
189,REQ-LLD-190,The terminal vault door sensor circuit should be robust and catch bad guys trying to break open the cash vault box.,InWork,ASIL-C,Review,LLM Error,LLM analysis failed: LLM response is empty or not a string.
190,REQ-LLD-191,"If the security wire on the cash vault frame is sliced, the terminal should scream an alarm loud enough to scare thieves away.",InWork,ASIL-C,Review,"Rule 1, Rule 2, Rule 3","The action part violates Rule 1 by using 'should' instead of 'shall'. It violates Rule 2 due to vague and subjective terms ('scream an alarm', 'loud enough to scare thieves away'). It also violates Rule 3 as the alarm's loudness and effectiveness in 'scaring thieves away' are not measurable or verifiable."
191,REQ-LLD-192,The middleware self-test routine should check system memory pools once in a while and fix broken memory cells automatically.,InWork,ASIL-A,Review,LLM Error,LLM analysis failed: LLM response is empty or not a string.
192,REQ-LLD-193,"If a memory test throws a bit error, the controller system should try to heal itself or email an admin somehow.",InWork,ASIL-B,Review,LLM Error,LLM analysis failed: LLM response is empty or not a string.
193,REQ-LLD-194,The printer font database array should load font vectors smoothly on boot so receipts print text effortlessly.,InWork,ASIL-A,Review,"Rule 1, Rule 2, Rule 3, Rule 4",The action part violates multiple rules. Rule 1: Uses 'should' instead of the required modal verb 'shall'. Rule 2: Contains vague and subjective terms 'smoothly' and 'effortlessly'. Rule 3: The statement is not verifiable or measurable due to the subjective terms. Rule 4: Combines two distinct requirements (loading font vectors and ensuring receipts print text) into a single statement.
194,REQ-LLD-195,"When character scaling arrays are read, the driver layout module must fit the text nicely onto paper slips without gaps.",InWork,ASIL-A,Review,LLM Error,LLM analysis failed: LLM response is empty or not a string.
195,REQ-LLD-196,The backend transaction router needs to split database workloads across host computers evenly so servers stay relaxed.,InWork,ASIL-B,Review,LLM Error,LLM analysis failed: LLM response is empty or not a string.
196,REQ-LLD-197,"When a database mainframe crashes, the router should move requests to another computer as fast as possible without lag.",InWork,ASIL-B,Review,LLM Error,LLM analysis failed: LLM response is empty or not a string.
197,REQ-LLD-198,The card intake motor should grip plastic cards firmly but gently so it does not scratch the customer's expensive card.,InWork,ASIL-A,Review,LLM Error,LLM analysis failed: LLM response is empty or not a string.
198,REQ-LLD-199,The terminal power backup system must watch out for power drops and keep the motherboard happy during summer blackouts.,InWork,ASIL-D,Review,LLM Error,LLM analysis failed: No JSON block found in LLM response.
199,REQ-LLD-200,The internal climate control board should manage system fans optimally so the terminal computer never gets sweaty or overheats.,InWork,ASIL-A,Review,LLM Error,LLM analysis failed: LLM response is empty or not a string.
