Name,Content,State,ASIL,Rationale,Covers(int),Refined(int)
REQ-LLD-001,"When a user inputs physical digits, the [ATM Client Terminal] shall invoke `client.verifyPINFormat()` to validate the length before execution.",Released,ASIL-B,Validates basic numeric formatting rules locally at the interface edge layer.,REQ-GOOD-001,
REQ-LLD-002,"When `client.verifyPINFormat()` detects an invalid length, the [ATM Client Terminal] shall display an error message within 500 milliseconds.",Released,ASIL-B,Guarantees immediate UI feedback loop when string conditions are violated.,REQ-GOOD-001,
REQ-LLD-003,"Where an encrypted handshake is initiated, the [ATM Controller] shall execute `middleware.router.routeRequest()` within 100 milliseconds.",Released,ASIL-D,Enforces crisp execution times within the core message routing layer.,REQ-GOOD-002,
REQ-LLD-004,"When `middleware.router.routeRequest()` executes, the User Session State Handler shall extract the `session_id` from the payload buffer.",Released,ASIL-D,Ensures precise parsing of the identification token from incoming packets.,REQ-GOOD-002,
REQ-LLD-005,"When the user selects a withdrawal transaction, the [ATM Client Terminal] shall package the `withdrawal_amount` into the payload structure.",Released,ASIL-B,Guarantees the financial variable is properly bound inside the client message.,REQ-GOOD-003,
REQ-LLD-006,"If the network connection drops during a withdrawal selection, the [ATM Client Terminal] shall abort data transmission.",Released,ASIL-B,Safely prevents dangling network sockets when physical links fail during use.,REQ-GOOD-003,
REQ-LLD-007,"If the [ATM Controller] transmits a Ledger Balance Query, the [CBS Bank Host] shall invoke `core.checkLedgerBalance()` within 400 milliseconds.",Released,ASIL-B,Enforces low latency constraints on the core database query methods.,REQ-GOOD-004,
REQ-LLD-008,"When `core.checkLedgerBalance()` returns a query timeout, the [CBS Bank Host] shall broadcast a null balance token to the middleware router.",Released,ASIL-B,Standardizes system behavior when a database thread fails to return data.,REQ-GOOD-004,
REQ-LLD-009,"When `Core_Verify()` returns an authentication failure, the [ATM Controller] shall decrement the remaining attempt counter by exactly 1.",Released,ASIL-B,Manages state logic variables safely across successive verification cycles.,REQ-GOOD-005,
REQ-LLD-010,"If the attempt counter reaches zero during the PIN Verification Loop, the [ATM Client Terminal] shall transition to a terminal locked state.",Released,ASIL-D,Prevents brute-force attempts by hard-locking the interactive UI interface.,REQ-GOOD-005,
REQ-LLD-011,"When an AuthStatus of approved is received, the [ATM Controller] shall invoke `DispenseCash(amount: 100)` within 50 milliseconds.",Released,ASIL-D,"Guarantees fast, predictable delivery of the physical action command.",REQ-GOOD-006,
REQ-LLD-012,"While the `DispenseCash` method is executing, the [ATM Client Terminal] shall toggle the physical cash shutter output relay to open.",Released,ASIL-D,Coordinates low-level hardware interactions during physical currency delivery.,REQ-GOOD-006,
REQ-LLD-013,"If the Security Gateway flags an authentication failure, the [ATM Controller] shall push the event log to the Error Handling & Logging node.",Released,ASIL-B,Automates immediate local archival of unauthorized perimeter access events.,REQ-GOOD-007,
REQ-LLD-014,"When the Error Handling & Logging node receives a failure log, it shall write the entry to non-volatile storage within 50 milliseconds.",Released,ASIL-B,Guarantees audit trails are permanently captured before a system crash occurs.,REQ-GOOD-007,
REQ-LLD-015,"When the cash is successfully dispensed, the [ATM Client Terminal] shall execute `client.dispenser.dispenseStatus()` to verify empty optics.",Released,ASIL-B,Employs hardware sensors to double-check delivery before clearing states.,REQ-GOOD-008,
REQ-LLD-016,"When `client.dispenser.dispenseStatus()` returns true, the [ATM Client Terminal] shall invoke the `TerminalUpdate()` method instantly.",Released,ASIL-B,Links mechanical success flags directly to logical terminal update calls.,REQ-GOOD-008,
REQ-LLD-017,"If the connection to the [CBS Bank Host] times out, the [ATM Controller] shall transmit an `Acknowledge(session_closed)` packet to the client.",Released,ASIL-B,Orders explicit teardown packets when the back-end infrastructure is lost.,REQ-GOOD-009,
REQ-LLD-018,"When an `Acknowledge(session_closed)` packet is parsed, the [ATM Client Terminal] shall transition to the out of service display screen.",Released,ASIL-A,Modifies user-facing screens dynamically based on network teardown events.,REQ-GOOD-009,
REQ-LLD-019,"When the User Session State Handler detects 30 seconds of user inactivity, it shall purge the active session data cache.",Released,ASIL-B,Hardens defense by flushing session tokens out of volatile memory.,REQ-GOOD-010,
REQ-LLD-020,"When a session data cache is purged due to a timeout, the [ATM Controller] shall transmit a close instruction to the active channel router.",Released,ASIL-B,Propagates local session terminations down to the network routing layers.,REQ-GOOD-010,
REQ-LLD-021,"While processing concurrent streams, the Network Message Routing Logic shall limit individual thread creation to 200 instances.",Released,ASIL-B,Caps concurrent resource allocation to maintain system performance profiles.,REQ-GOOD-011,
REQ-LLD-022,"If incoming request counts exceed 200, the Network Message Routing Logic shall redirect extra payloads to a memory queue buffer.",Released,ASIL-B,Prevents heap saturation or crash events by introducing system backpressure.,REQ-GOOD-011,
REQ-LLD-023,"When the Transaction Validation Engine identifies a malformed `encrypted_pin_block`, the [ATM Controller] shall discard the network block.",Released,ASIL-D,Filters structurally invalid cryptographic elements before they reach routing.,REQ-GOOD-012,
REQ-LLD-024,"When an `encrypted_pin_block` is discarded as corrupt, the [ATM Controller] shall append a failure trace code to the active log payload.",Released,ASIL-D,Provides specific diagnostic tags for security teams investigating errors.,REQ-GOOD-012,
REQ-LLD-025,"If the Customer Account Ledger DB is offline, the Transaction Authorization Router shall intercept all incoming `Core_Request()` calls.",Released,ASIL-B,Implements a fast-fail defense at the gateway level when backends are down.,REQ-GOOD-013,
REQ-LLD-026,"When a `Core_Request()` call is intercepted by the router, the [CBS Bank Host] shall return a direct DB_OFFLINE status code token.",Released,ASIL-B,Standardizes the error signature sent upstream when storage cells fail.,REQ-GOOD-013,
REQ-LLD-027,"When a user inputs physical keys, the Logical Human Interaction Layer shall replace numeric text with mask characters on the display.",Released,ASIL-B,Obfuscates sensitive entries in the UI layer before formatting string buffers.,REQ-GOOD-014,
REQ-LLD-028,"When mask characters are rendered on the UI, the [ATM Client Terminal] shall clear the raw character registers from memory buffers within 10 milliseconds.",Released,ASIL-B,Eliminated residual human inputs from transient terminal memory structures.,REQ-GOOD-014,
REQ-LLD-029,"When data transmission occurs, the [ATM Client Terminal] shall apply an AES-256 cipher block to the `data_payload` before socket transmission.",Released,ASIL-D,Encrypts transaction message elements cleanly before they hit transit wires.,REQ-GOOD-015,
REQ-LLD-030,"When the `data_payload` is encrypted, the [ATM Client Terminal] shall append an HMAC SHA-256 signature code to the tail of the stream block.",Released,ASIL-D,Protects transaction blocks against man-in-the-middle manipulation attempts.,REQ-GOOD-015,
REQ-LLD-031,"When a dispenser hardware error is reported, the [ATM Client Terminal] shall disable the physical cash delivery stepper motor driver.",Released,ASIL-D,Cuts motor power lines instantly if mechanical feedback sensors report anomalies.,REQ-GOOD-016,
REQ-LLD-032,"When the cash delivery stepper motor is disabled, the [ATM Client Terminal] shall transmit an active hardware failure alert code up to the middleware.",Released,ASIL-D,Escalates severe mechanical line blocks to the central tracking services.,REQ-GOOD-016,
REQ-LLD-033,"If a transaction approval token is delayed past 5 seconds, the [ATM Controller] shall invoke an internal fallback balance reversal routine.",Released,ASIL-D,Maintains system balance integrity when communication windows expire mid-flight.,REQ-GOOD-017,
REQ-LLD-034,"When the internal balance reversal routine completes, the [ATM Controller] shall log the transaction status as REVERSED in the system logs.",Released,ASIL-D,Creates clean audit paths indicating when auto-reversal triggers executed.,REQ-GOOD-017,
REQ-LLD-035,"When the user selects a withdrawal amount, the [ATM Client Terminal] shall query the local `vault_balance_current` tracking variable.",Released,ASIL-A,Evaluates local currency inventory limits before routing transaction packets.,REQ-GOOD-018,
REQ-LLD-036,"If the selected amount is greater than `vault_balance_current`, the [ATM Client Terminal] shall cancel message packaging sequences.",Released,ASIL-A,Avoids generating wasteful network load when physical cash pools are dry.,REQ-GOOD-018,
REQ-LLD-037,"Where multi-tenant message routing logic is applied, the [ATM Controller] shall partition channel identifiers into isolated memory segments.",Released,ASIL-D,Enforces hard boundaries between virtual pathways to block cross-talk data leaks.,REQ-GOOD-019,
REQ-LLD-038,"When a channel identifier is verified, the Network Message Routing Logic shall apply an explicit routing mask matching that channel ID.",Released,ASIL-D,Restricts operational data pathways exclusively to verified routing paths.,REQ-GOOD-019,
REQ-LLD-039,"When the Security Gateway identifies a fraud risk flag, the [CBS Bank Host] shall terminate the associated database transaction thread.",Released,ASIL-D,Halts account balance adjustment loops instantly if fraud signatures trip.,REQ-GOOD-020,
REQ-LLD-040,"When a database transaction thread is terminated due to fraud, the Security Gateway shall flag the account identifier status as SUSPENDED.",Released,ASIL-D,Systematically protects compromised profiles against further extraction attempts.,REQ-GOOD-020,
REQ-LLD-041,"If the terminal hardware cover switch transitions to open, the [ATM Client Terminal] shall clear its volatile encryption key registers.",Released,ASIL-C,Erases cryptographic data if chassis sensors detect physical tampering.,REQ-GOOD-021,
REQ-LLD-042,"When the encryption key registers are cleared, the [ATM Client Terminal] shall transmit a silent alert signal code to the middleware router.",Released,ASIL-C,Dispatches emergency security messages to core nodes during tamper events.,REQ-GOOD-021,
REQ-LLD-043,"When the Transaction Authorization Router receives a packet, it shall assign the packet to the `core.authorizeWithdrawal()` execution queue.",Released,ASIL-B,Formally passes processing control to the core accounting framework.,REQ-GOOD-022,
REQ-LLD-044,"When the packet is queued, the Transaction Authorization Router shall verify that execution starts within 50 milliseconds.",Released,ASIL-B,Confirms the core processing pipeline satisfies internal timing rules.,REQ-GOOD-022,
REQ-LLD-045,"Where power failure occurs at the terminal, the [ATM Client Terminal] shall redirect its processing logic to run off its onboard backup capacitors.",Released,ASIL-D,Leverages short-term physical reserves to finish vital ledger updates.,REQ-GOOD-023,
REQ-LLD-046,"While running off backup capacitors, the [ATM Client Terminal] shall copy unwritten log frames into non-volatile flash storage blocks.",Released,ASIL-D,Keeps operational tracing files intact when hardware stations lose mains power.,REQ-GOOD-023,
REQ-LLD-047,"When a user cancels during the PIN Verification Loop, the [ATM Client Terminal] shall de-energize the card capture latch mechanism.",Released,ASIL-A,Releases physical locking traps so the customer can recover their payment card.,REQ-GOOD-024,
REQ-LLD-048,"When the card capture latch mechanism de-energizes, the [ATM Client Terminal] shall pulse the card intake motor in reverse for 1500 milliseconds.",Released,ASIL-A,Drives mechanical components backward to smoothly present the card to the user.,REQ-GOOD-024,
REQ-LLD-049,"If the [ATM Controller] experiences a crash, the User Session State Handler shall reload the last cached state record from storage upon reboot.",Released,ASIL-B,Reconstitutes application runtime parameters cleanly after failure events.,REQ-GOOD-025,
REQ-LLD-050,"When the last cached state record is reloaded, the User Session State Handler shall issue an audit validation call to checking routers.",Released,ASIL-B,Cross-references reloaded records with core nodes to identify mismatches.,REQ-GOOD-025,
REQ-LLD-051,The [ATM Client Terminal] should try to run `client.verifyPINFormat()` quickly whenever a user plays with the physical inputs.,InWork,ASIL-A,"Uses vague terms ('should try', 'quickly', 'plays with'); non-measurable.",REQ-GOOD-001,
REQ-LLD-052,"When the PIN is entered, the client should think about format verification and handle things gracefully if it looks weird.",InWork,ASIL-B,Anthropomorphic ('think about'); ambiguous error condition ('looks weird').,REQ-GOOD-001,
REQ-LLD-053,The `middleware.router.routeRequest()` logic must execute instantly so that the user does not get annoyed waiting at the terminal.,InWork,ASIL-D,"Non-technical performance goals ('instantly', 'does not get annoyed').",REQ-GOOD-002,
REQ-LLD-054,The middleware router shall handle the handshake packet perfectly and never drop any transaction data unless something bad happens.,InWork,ASIL-D,Unverifiable target ('perfectly'); open-ended exception ('something bad happens').,REQ-GOOD-002,
REQ-LLD-055,The [ATM Client Terminal] shall pack up the withdrawal amount and send the payload packet to the controller in an agile manner.,InWork,ASIL-B,Uses buzzwords ('agile manner') which cannot be tested or measured.,REQ-GOOD-003,
REQ-LLD-056,"If a user selects exactly $100, the client system should push that payload through the wires and hope for a quick reply token.",InWork,ASIL-B,"Contains non-binding language ('should', 'hope for') and unmeasured speed rules.",REQ-GOOD-003,
REQ-LLD-057,The `core.checkLedgerBalance()` routine must look up the customer database really fast without causing any server lag at all.,InWork,ASIL-B,"Subjective speed targets ('really fast', 'any server lag at all').",REQ-GOOD-004,
REQ-LLD-058,"When the host gets a ledger balance query, it should run its database scripts nicely and pass data back if things are cool.",InWork,ASIL-B,"Informal slang expressions ('nicely', 'if things are cool'); non-verifiable.",REQ-GOOD-004,
REQ-LLD-059,"If PIN verification loop fails, the system should basically let the user try again until they get it right or get tired.",InWork,ASIL-B,Indefinite execution loops ('until they get it right or get tired'); highly ambiguous.,REQ-GOOD-005,
REQ-LLD-060,The loop module must verify PIN codes and retry transactions and block bad users and display nice screens all at once.,InWork,ASIL-B,Combines multiple distinct tasks into one requirement; violates EARS simplicity.,REQ-GOOD-005,
REQ-LLD-061,"When `DispenseCash` is called, cash money should fly out of the terminal vault shutter safely and quickly every single time.",InWork,ASIL-D,Unprofessional terminology ('cash money should fly out') and unmeasurable targets.,REQ-GOOD-060,
REQ-LLD-062,"If an approval token shows up at the terminal dispenser, it must process the cash dispensing thing like we talked about in the meeting.",InWork,ASIL-D,Circular reference back to informal outside sources ('like we talked about in the meeting').,REQ-GOOD-006,
REQ-LLD-063,The Error Handling & Logging block should catch gateway errors and write them somewhere safe without taking up too much disk room.,InWork,ASIL-B,"Vague locations and metrics ('somewhere safe', 'too much disk room').",REQ-GOOD-007,
REQ-LLD-064,"Where security gateway logs are generated, the logging database must save them beautifully so engineers can read them easily.",InWork,ASIL-A,"Purely subjective design expectations ('beautifully', 'easily').",REQ-GOOD-007,
REQ-LLD-065,"When the cash is gone, `client.dispenser.dispenseStatus()` needs to update the controller state quickly before the user walks away.",InWork,ASIL-B,Vague time boundaries dependent on external user behavior ('before the user walks away').,REQ-GOOD-008,
REQ-LLD-066,The terminal state update packet must be sent to the middleware loop so that management can track terminal metrics over the web.,InWork,ASIL-A,Outlines business objectives rather than describing technical software behavior.,REQ-GOOD-008,
REQ-LLD-067,"If the host connection times out, the middleware should try its best to fix the line or pop up an error message eventually.",InWork,ASIL-B,"Vague and indefinite recovery timeframes ('try its best', 'eventually').",REQ-GOOD-009,
REQ-LLD-068,"When a core timeout token happens, the controller should throw a fit and tell the terminal that things are broken.",InWork,ASIL-A,"Uses highly unprofessional, non-technical slang ('throw a fit', 'things are broken').",REQ-GOOD-009,
REQ-LLD-069,The User Session State Handler should destroy data pools when the user goes idle for a little bit to block sneaky hackers.,InWork,ASIL-B,Unquantified timeline metrics ('for a little bit') and emotional language ('sneaky hackers').,REQ-GOOD-010,
REQ-LLD-070,"When session timeouts trigger, the system must clean up active variables so the machine looks fresh for the next person using it.",InWork,ASIL-A,Completely subjective performance conditions ('looks fresh').,REQ-GOOD-010,
REQ-LLD-071,The routing logic must handle a ton of requests at the same time without showing any signs of system stress or slowdowns.,InWork,ASIL-B,"Non-measurable scalability parameters ('a ton', 'signs of system stress').",REQ-GOOD-011,
REQ-LLD-072,"While routing logic is dealing with massive traffic, it should execute code flawlessly like modern high-end software.",InWork,ASIL-B,"Meaningless comparison statements ('flawlessly', 'like modern high-end software').",REQ-GOOD-011,
REQ-LLD-073,"If the validation engine sees a messed up payload block, it should drop it like a hot potato and throw a massive error code.",InWork,ASIL-D,"Uses unprofessional expressions ('drop it like a hot potato', 'massive error code').",REQ-GOOD-012,
REQ-LLD-074,"When corrupted data payloads arrive at the middleware layer, the system should handle them safely without exploding the application.",InWork,ASIL-D,"Highly ambiguous safety guidelines ('safely', 'without exploding the application').",REQ-GOOD-012,
REQ-LLD-075,"If the ledger database goes to sleep, the host router should tell everyone that requests are totally blocked for now.",InWork,ASIL-B,"Ambiguous state names and scopes ('goes to sleep', 'tell everyone', 'totally blocked').",REQ-GOOD-013,
REQ-LLD-076,"When account databases fail, the system must drop core requests beautifully so the network backend does not get ruined.",InWork,ASIL-B,"Vague technical risk parameters ('beautifully', 'does not get ruined').",REQ-GOOD-013,
REQ-LLD-077,The display screen must hide user key entries with stars or dots so that bad people behind them can't see the secret numbers.,InWork,ASIL-B,"Emotional, non-technical phrasing ('bad people', 'secret numbers').",REQ-GOOD-014,
REQ-LLD-078,"When physical keys are clicked, the UI needs to react super fast so the user knows their key input actually worked fine.",InWork,ASIL-B,"Lacks specific numeric timing limits ('super fast', 'worked fine').",REQ-GOOD-014,
REQ-LLD-079,The terminal application must scramble the transaction payload with AES code so well that no one can decrypt it ever.,InWork,ASIL-D,"Vague crypto capability targets ('scramble... so well', 'no one can decrypt it ever').",REQ-GOOD-015,
REQ-LLD-080,"Where payloads flow across wires, they should be encrypted using super modern tools that match global corporate standards.",InWork,ASIL-D,"Meaningless marketing buzzwords ('super modern tools', 'global corporate standards').",REQ-GOOD-015,
REQ-LLD-081,"If the cash machine gets jammed up, the terminal software should think about stopping before it breaks more plastic gears.",InWork,ASIL-D,"Non-verifiable anthropomorphic instruction ('think about stopping', 'breaks more plastic gears').",REQ-GOOD-016,
REQ-LLD-082,"When dispensing hardware throws an alert, the local interface loop should stop running things until a repair technician fixes it.",InWork,ASIL-D,Unbounded operational block timeframe ('until a repair technician fixes it').,REQ-GOOD-016,
REQ-LLD-083,"If an approval token takes forever to get to the controller, the middleware should run an auto-reversal scheme automatically.",InWork,ASIL-D,Non-measurable boundary definition ('takes forever').,REQ-GOOD-017,
REQ-LLD-084,"When token delays happen inside the middleware application, the system should reverse ledger changes nicely to avoid complaints.",InWork,ASIL-D,Subjective risk framework statement ('nicely to avoid complaints').,REQ-GOOD-017,
REQ-LLD-085,"When a customer wants a lot of cash, the terminal must quickly check if the vault box has enough money left inside it.",InWork,ASIL-A,"Ambiguous parameters with no numeric constraints ('a lot of cash', 'quickly check').",REQ-GOOD-018,
REQ-LLD-086,"If the user requests more money than the vault holds, the screen must display an insufficient funds alert in a nice bold font.",InWork,ASIL-A,Focuses on aesthetic attributes ('nice bold font') instead of structural logic.,REQ-GOOD-018,
REQ-LLD-087,The middleware application should isolate tenant data structures so perfectly that cross-site leakage is completely impossible.,InWork,ASIL-D,Idealistic requirement containing an unachievable target ('completely impossible').,REQ-GOOD-019,
REQ-LLD-088,"Where multi-tenant message routing logic is running, it must separate data lines clearly so info does not mix up weirdly.",InWork,ASIL-D,Highly informal and imprecise operational description ('mix up weirdly').,REQ-GOOD-019,
REQ-LLD-089,"When fraud flags are raised by the gateway, the host bank system should freeze everything instantly to protect user funds.",InWork,ASIL-D,Unquantified scope block commands ('freeze everything instantly').,REQ-GOOD-020,
REQ-LLD-090,"If a bad transaction signature is caught by security routers, the system must block it fast before any money is lost.",InWork,ASIL-D,"Vague timelines and emotional targets ('block it fast', 'before any money is lost').",REQ-GOOD-020,
REQ-LLD-091,"If the terminal box is cracked open by bad guys, the local computer must delete its keys before the bad guys steal them.",InWork,ASIL-C,Non-technical security description utilizing slang terms ('cracked open by bad guys').,REQ-GOOD-021,
REQ-LLD-092,"When structural tamper alerts trigger at the terminal edge layer, state messages should fly up to the central cloud tracker.",InWork,ASIL-C,Highly informal phrasing ('state messages should fly up') lacking architectural precision.,REQ-GOOD-021,
REQ-LLD-093,The Transaction Authorization Router should send packets down to the account ledger database as fast as humanly possible.,InWork,ASIL-B,Immeasurable performance milestone metric ('as fast as humanly possible').,REQ-GOOD-022,
REQ-LLD-094,"When a core request is captured by routing modules, it should hit the ledger DB database layer within a split second.",InWork,ASIL-B,Uses colloquial timing expressions ('within a split second') instead of clean millisecond bounds.,REQ-GOOD-022,
REQ-LLD-095,"If the terminal wall socket power goes dead, the system should save everything to memory and hope it boots up fine later.",InWork,ASIL-D,"Highly casual, non-falsifiable expectation language ('hope it boots up fine later').",REQ-GOOD-023,
REQ-LLD-096,"Where brownouts happen at the physical station, the terminal should run on backup power long enough to make sure logs look good.",InWork,ASIL-D,Intentionally subjective evaluation metric ('long enough to make sure logs look good').,REQ-GOOD-023,
REQ-LLD-097,"When a user hits the cancel button during PIN checks, the card slot mechanism should unlock immediately without getting jammed.",InWork,ASIL-A,Outlines a mechanical wish ('without getting jammed') rather than verified low-level software actions.,REQ-GOOD-024,
REQ-LLD-098,"If the user gets scared and cancels the transaction loop, the terminal system should spit their card back out gracefully.",InWork,ASIL-A,"Anthropomorphic slang phrasing ('gets scared', 'spit their card back out gracefully').",REQ-GOOD-024,
REQ-LLD-099,"When the controller application reboots after a bad crash, it must fix its broken memory states magically and start working again.",InWork,ASIL-B,Unfalsifiable execution path instructions ('fix its broken memory states magically').,REQ-GOOD-025,
REQ-LLD-100,The controller should make sure everything is okay when it wakes up from a crash so data loops look totally fine.,InWork,ASIL-B,"Very vague parameters ('everything is okay', 'totally fine').",REQ-GOOD-025,
REQ-LLD-101,The [ATM Client Terminal] internal card reader hardware driver shall parse ISO 7816 track data formats within 200 milliseconds of card insertion.,Released,ASIL-C,Governs isolated physical reader protocols completely separate from top-level system paths.,,
REQ-LLD-102,"When track data parsing completes, the [ATM Client Terminal] shall copy the primary account number (PAN) to local volatile RAM segment B1.",Released,ASIL-C,Allocates isolated memory pointers for raw peripheral string capture data.,,
REQ-LLD-103,"If the parsed card track data fails a Longitudinal Redundancy Check (LRC), the [ATM Client Terminal] shall flag the card format as corrupted.",Released,ASIL-C,Enforces checksum rules on individual magnetic card stripe reading loops.,,
REQ-LLD-104,The [ATM Client Terminal] shall execute a dynamic display refresh loop exactly every 16 milliseconds to maintain a 60Hz UI frame rate.,Released,ASIL-A,Dictates local graphical hardware panel driver clock rates independently of backend paths.,,
REQ-LLD-105,"While rendering font characters on the terminal screen, the LCD driver module shall apply anti-aliasing filtering curves automatically.",Released,ASIL-A,Handles standalone edge-layer styling parameters without reference to transaction data.,,
REQ-LLD-106,"When a user touches the capacitive screen panel, the sensor interface driver shall calculate the raw pixel coordinate point within 5 milliseconds.",Released,ASIL-A,Measures isolated hardware controller performance bounds during touch input captures.,,
REQ-LLD-107,"If the capacitive touch coordinate falls outside the active UI button bounding box, the touch input shall be discarded by the client.",Released,ASIL-A,Standardizes hit-box verification logic for interactive user interface panels.,,
REQ-LLD-108,The [ATM Client Terminal] local keypad controller shall execute an internal de-bounce delay loop of exactly 20 milliseconds per key depression.,Released,ASIL-B,Implements standalone electrical noise protection filters directly on physical key pins.,,
REQ-LLD-109,"When a physical keypad button is released, the keypad encoder shall clear its internal interrupt request (IRQ) latch instantly.",Released,ASIL-B,Clears low-level register pins cleanly to allow subsequent keyboard scans.,,
REQ-LLD-110,The [ATM Controller] internal file system shall rotate trace log files as soon as an individual log file allocation size hits 10MB.,Released,ASIL-A,Manages local storage allocations on middleware partitions independently of system streams.,,
REQ-LLD-111,"When log file rotation occurs, the middleware application shall compress the old text ledger file into a standard GZIP format block.",Released,ASIL-A,Automates local space-saving compression routines on internal diagnostic arrays.,,
REQ-LLD-112,"If the middleware log partition drops below 15% free space, the [ATM Controller] shall delete the oldest compressed log archive files.",Released,ASIL-A,Prevents file system lockouts by running automated housekeeping scripts on storage.,,
REQ-LLD-113,The [ATM Controller] memory allocation pool shall pre-allocate 512KB of static RAM for each connection thread during initialization.,Released,ASIL-B,Hardcodes static memory allocation targets to block out-of-memory errors under load.,,
REQ-LLD-114,"When a connection thread completes execution, the [ATM Controller] garbage collector shall free the associated memory block within 10 milliseconds.",Released,ASIL-B,Clears volatile pointer tracks safely to reclaim application heap capacity.,,
REQ-LLD-115,"If the [ATM Controller] garbage collection loop fails to reclaim a memory pointer, the system shall flag a Leak Warning code.",Released,ASIL-B,Detects residual software bugs within internal resource management routines.,,
REQ-LLD-116,The [ATM Client Terminal] internal proximity sensor shall scan for physical obstacles within a 1-meter radius every 500 milliseconds.,Released,ASIL-A,Operates a standalone power-saving proximity detection loop at the terminal station.,,
REQ-LLD-117,"When the proximity sensor reads zero obstacles for 5 consecutive minutes, the client shall step down the LCD backlight to low-power sleep mode.",Released,ASIL-A,Optimizes physical hardware component lifespan through localized power management.,,
REQ-LLD-118,"When an obstacle is detected while the LCD is in sleep mode, the client shall instantly ramp up the backlight array to 100% luminance.",Released,ASIL-A,Restores visibility to approaching customers using local sensor signals.,,
REQ-LLD-119,The [ATM Client Terminal] physical receipt printer driver shall monitor the internal paper roll carriage feed sensor continuously.,Released,ASIL-A,Tracks mechanical print supplies locally without affecting the core middleware logic.,,
REQ-LLD-120,"If the paper roll feed sensor detects a paper out state, the receipt printer driver shall assert an internal PRINTER_DRY flag line.",Released,ASIL-A,Notes specific binary flag changes when local printers face a lack of material.,,
REQ-LLD-121,"While the PRINTER_DRY flag line is asserted, the client terminal configuration shall hide the print optional receipt checkbox from the UI.",Released,ASIL-A,Dynamically alters UI layouts based on local mechanical hardware diagnostics.,,
REQ-LLD-122,The [ATM Client Terminal] thermal receipt print head shall limit its local heating pulse width duration to a maximum of 1.2 milliseconds per line.,Released,ASIL-A,Controls electrical print head energy limits to prevent thermal hardware burnouts.,,
REQ-LLD-123,"When a print sequence terminates, the paper cutter motor relay shall trigger a full scissor sweep across the paper lane within 100 milliseconds.",Released,ASIL-A,Coordinates physical cutting gear timing after text printing finishes.,,
REQ-LLD-124,The [ATM Controller] internal network interface card driver shall process TCP socket connection keep-alive pings exactly every 10 seconds.,Released,ASIL-B,Runs independent network heartbeats to verify basic point-to-point connection integrity.,,
REQ-LLD-125,"If a keep-alive ping response is not captured within 3 seconds, the network driver shall flag the socket as DISCONNECTED.",Released,ASIL-B,Marks dead network paths quickly at the operating system driver level.,,
REQ-LLD-126,"When a network socket flags a DISCONNECTED state, the network driver shall initiate an auto-reconnect sequence up to 5 times.",Released,ASIL-B,Drives automated socket recovery loops at the network subsystem level.,,
REQ-LLD-127,The [ATM Controller] application shall compute a 32-bit Cyclic Redundancy Check (CRC32) across all configuration text profiles on startup.,Released,ASIL-A,Verifies local configuration file integrity before initializing the application.,,
REQ-LLD-128,"If the computed configuration CRC32 value mismatches the stored master hash, the controller shall halt execution instantly.",Released,ASIL-B,Prevents booting with corrupted or unsafely altered parameter files.,,
REQ-LLD-129,The [CBS Bank Host] database engine shall index incoming ledger records using a balanced B-Tree schema structured on the account ID key.,Released,ASIL-B,Organizes raw database storage blocks to optimize micro-level index lookup tracking.,,
REQ-LLD-130,"When a B-Tree node split occurs during indexing, the database engine shall update adjacent node pointers within 15 milliseconds.",Released,ASIL-B,Prevents indexing corruption by forcing quick rebalancing updates in storage.,,
REQ-LLD-131,The [CBS Bank Host] internal hardware clock module shall sync its timestamp with a stratum 1 NTP server once every 60 minutes.,Released,ASIL-A,Synchronizes system-level clock chips with absolute UTC references for logging accuracy.,,
REQ-LLD-132,"If the NTP server clock drift calculation exceeds 50 milliseconds, the host clock module shall adjust its system tick rate by 1% until synced.",Released,ASIL-A,Applies gradual clock skew corrections to protect system timestamp sequencing.,,
REQ-LLD-133,The [ATM Client Terminal] audio speaker amplifier circuit shall clip output voltage levels at 2.5V RMS to prevent driver blowouts.,Released,ASIL-A,Enforces electronic safety clips directly on analog audio hardware loops.,,
REQ-LLD-134,"When the user interface advances to a new screen layout, the terminal shall invoke a short beep audio file lasting exactly 100 milliseconds.",Released,ASIL-A,Drives minor interactive audio cues entirely inside the local client environment.,,
REQ-LLD-135,The [ATM Client Terminal] internal climate monitoring controller shall turn on the internal heating element if temperatures drop below 5°C.,Released,ASIL-A,Governs localized station environmental controls to preserve physical system stability.,,
REQ-LLD-136,"When internal terminal temperatures exceed 45°C, the climate controller shall activate the chassis exhaust fan array at maximum speed.",Released,ASIL-A,Prevents localized computing hardware failures by managing terminal airflow.,,
REQ-LLD-137,The [ATM Controller] shall deploy an asymmetric RSA-4096 cryptographic key exchange loop whenever a new client terminal connects.,Released,ASIL-D,Sets up specific handshake protocol keys at the middleware socket initialization layer.,,
REQ-LLD-138,"When an RSA-4096 key pair is generated, the controller shall write the public key string to a volatile RAM buffer block.",Released,ASIL-D,Allocates transient cryptographic key vectors to keep network handshakes secure.,,
REQ-LLD-139,The [ATM Client Terminal] physical card mouth bezel LED light ring shall pulse at a frequency of 1Hz while waiting for a card.,Released,ASIL-A,Controls localized cosmetic indicators on the physical terminal facade.,,
REQ-LLD-140,"When a card is successfully swallowed by the card slot, the bezel LED light ring shall shift to a solid illuminated state.",Released,ASIL-A,Modifies physical light signatures based on basic entry sensor updates.,,
REQ-LLD-141,The [CBS Bank Host] security gateway shall store active blocklisted IP ranges in a localized high-speed Radix tree data structure.,Released,ASIL-D,Structures network filter sets inside dedicated data frameworks to allow fast lookups.,,
REQ-LLD-142,"When a packet is parsed by the security gateway, its source IP shall be checked against the Radix tree structure within 2 milliseconds.",Released,ASIL-D,Sets rigorous processing times for edge firewall checks.,,
REQ-LLD-143,The [ATM Client Terminal] local vault door sensor shall read the continuity status of the physical vault frame loop wire every 10 milliseconds.,Released,ASIL-C,Monitors low-level safety circuitry on the terminal vault door.,,
REQ-LLD-144,"If the continuity status of the vault loop wire breaks, the terminal shall latch its electronic security alarm pin to an active-high state.",Released,ASIL-C,Triggers hardwired safety alarms if structural break-in attempts damage system components.,,
REQ-LLD-145,The [ATM Controller] diagnostic subsystem shall execute an automated RAM test across unallocated memory blocks every 24 hours.,Released,ASIL-A,Periodically checks for hardware degradation inside internal middleware memory cells.,,
REQ-LLD-146,"If the automated RAM test encounters a single bit-flip error, the controller shall dispatch a maintenance request ticket flag.",Released,ASIL-B,Identifies early physical memory damage before it causes software instability.,,
REQ-LLD-147,The [ATM Client Terminal] alphanumeric thermal receipt printer font set shall be loaded from an integrated onboard EEPROM chip on boot.,Released,ASIL-A,Initializes localized character sets directly from hardware memory vectors.,,
REQ-LLD-148,"When the terminal font set loads, the printer driver shall cross-reference character widths to ensure font scale conformity.",Released,ASIL-A,Validates visual rendering variables before permitting receipt print sequences.,,
REQ-LLD-149,The [CBS Bank Host] transaction router shall use an internal round-robin balancing scheme to distribute database queries across server clusters.,Released,ASIL-B,Dictates isolated server balancing patterns completely separate from terminal processes.,,
REQ-LLD-150,"When a new database server cluster node enters an active state, the router shall include the node identifier in the round-robin loop within 1 second.",Released,ASIL-B,Dynamically scales available resources within the core infrastructure.,,
REQ-LLD-151,The card reader hardware driver should read ISO cards super fast and work nicely with modern plastic bank card profiles.,InWork,ASIL-C,"Vague speed metrics ('super fast', 'work nicely'); non-verifiable.",,
REQ-LLD-152,"When track data is parsed, the system should dump it somewhere in RAM and hope it does not get mixed up with other data lines.",InWork,ASIL-C,"Imprecise memory planning ('dump it somewhere', 'hope it does not get mixed up').",,
REQ-LLD-153,The terminal screen update must look super smooth and refresh so fast that the human eye cannot see any screen flickering at all.,InWork,ASIL-A,"Highly subjective visual metric targets ('super smooth', 'so fast that the human eye cannot see').",,
REQ-LLD-154,The LCD display driver should show cool graphics and use high-end rendering styles like a video game console.,InWork,ASIL-A,"Contains non-binding wishful terminology and informal comparisons ('cool graphics', 'like a video game').",,
REQ-LLD-155,"When a customer clicks the screen, the system should pick up the touch coordinates instantly without being laggy.",InWork,ASIL-A,"Lacks quantified engineering metrics ('instantly', 'without being laggy').",,
REQ-LLD-156,Touch targets inside the terminal interface should be big enough so that users with thick fingers don't tap the wrong button.,InWork,ASIL-A,Imprecise structural metrics based on external human traits ('thick fingers').,,
REQ-LLD-157,The terminal keyboard hardware driver must clean up electrical bounce signals nicely so everything feels crisp to the touch.,InWork,ASIL-B,"Subjective haptic feel targets ('feels crisp to the touch', 'nicely').",,
REQ-LLD-158,"When keys are pressed down, the system should not lock up or act weird if the user bashes multiple buttons at once.",InWork,ASIL-B,"Highly informal slang terms ('act weird', 'bashes multiple buttons').",,
REQ-LLD-159,The internal log files on the middleware server should clean themselves up periodically so the drive does not get super full.,InWork,ASIL-A,"Non-measurable storage boundaries ('clean themselves up', 'super full').",,
REQ-LLD-160,"When log compression runs, the system should use a compression tool that works beautifully and never corrupts zip text files.",InWork,ASIL-A,"Subjective capability markers ('works beautifully', 'never corrupts').",,
REQ-LLD-161,"If space gets low on the middleware disk, the system should think about wiping out old logs that nobody care about anymore.",InWork,ASIL-A,"Anthropomorphic system behavior instruction ('think about wiping out', 'nobody care about').",,
REQ-LLD-162,The middleware memory buffer must allocate an absolute ton of RAM so connection processing threads never feel starved.,InWork,ASIL-B,"Vague capability targets ('an absolute ton', 'never feel starved').",,
REQ-LLD-163,The garbage collection software should run in the background and clean up dead memory blocks loops like magic.,InWork,ASIL-B,Uses non-falsifiable performance adjectives ('like magic').,,
REQ-LLD-164,"If a memory pointer leak happens, the app should fix itself automatically without bugging the main system developers.",InWork,ASIL-B,Lacks formal error handling or explicit recovery vectors ('fix itself automatically').,,
REQ-LLD-165,The local proximity radar must check for people hanging around the ATM machine and make sure they are not creepy.,InWork,ASIL-A,"Uses emotional and unmeasurable criteria ('creepy', 'hanging around').",,
REQ-LLD-166,"When nobody is near the terminal booth, the monitor should turn down its lights to save cash on the electricity bill.",InWork,ASIL-A,Explains operational business motives instead of explicit technical engineering triggers.,,
REQ-LLD-167,"If someone walks up to the kiosk, the display screen should wake up instantly and look incredibly bright and inviting.",InWork,ASIL-A,"Purely aesthetic design language ('incredibly bright and inviting', 'instantly').",,
REQ-LLD-168,The printer roll monitor should check if paper is left inside the slot and flash a warning if it looks empty.,InWork,ASIL-A,Ambiguous validation parameters ('flash a warning if it looks empty').,,
REQ-LLD-169,"If the receipt paper is jammed up, the interface should stop offering printouts and guide the customer nicely.",InWork,ASIL-A,Subjective user experience guidelines ('guide the customer nicely').,,
REQ-LLD-170,The receipt print head must not get super hot or burn the paper if it prints out a really long receipt frame.,InWork,ASIL-A,"Vague environmental boundaries ('super hot', 'a really long receipt frame').",,
REQ-LLD-171,"When the paper is printed, the scissor blade motor should chop the slip off quickly without making too much noise.",InWork,ASIL-A,Non-measurable mechanical acoustics constraint ('without making too much noise').,,
REQ-LLD-172,The controller network stack must send keep-alive pings down the wire and ensure the line is fast and crisp.,InWork,ASIL-B,Indefinite network connection parameters ('fast and crisp').,,
REQ-LLD-173,"If connection pings drop out, the driver should keep hammering the socket port forever until things come back alive.",InWork,ASIL-B,Creates a dangerous infinite block state condition ('hammering the socket port forever').,,
REQ-LLD-174,The controller startup process should check its setup text files and make sure management didn't put bad configurations inside.,InWork,ASIL-A,Informal organizational reference phrasing ('make sure management didn't put bad configs').,,
REQ-LLD-175,"If configuration profiles look weird on startup, the application should crash gracefully and display a cool error screen.",InWork,ASIL-B,"Ambiguous logic filters and informal adjectives ('look weird', 'cool error screen').",,
REQ-LLD-176,The core backend database must structure its indices beautifully using modern trees so lookup scripts run instantly.,InWork,ASIL-B,"Lacks precise software performance timings ('beautifully', 'instantly').",,
REQ-LLD-177,"When database indices rebalance themselves, the server mainframe should not choke up or drop ongoing transactions.",InWork,ASIL-B,Highly unprofessional slang expressions ('choke up').,,
REQ-LLD-178,The bank system master clock needs to talk to standard server clocks online so timestamps don't get out of sync.,InWork,ASIL-A,Imprecise external data references ('standard server clocks online'); lacks exact timing metrics.,,
REQ-LLD-179,"If the internal host clock drifts away, it should recalibrate itself quietly without causing any data anomalies.",InWork,ASIL-A,"Unquantified validation parameters ('quietly', 'any data anomalies').",,
REQ-LLD-180,The terminal audio speaker system must sound clear and loud enough so old people can hear the confirmation beeps easily.,InWork,ASIL-A,"Imprecise demographic target references ('old people', 'loud enough'); non-verifiable.",,
REQ-LLD-181,"When a user hits a button, a cute confirmation chime should play through the speakers without sounding distorted.",InWork,ASIL-A,"Subjective aesthetic audio properties ('cute confirmation chime', 'without sounding distorted').",,
REQ-LLD-182,The internal air conditioner switch should turn on fans when the cabinet gets super hot inside so circuits do not melt.,InWork,ASIL-A,"Dramatic, non-technical risk descriptors ('super hot', 'so circuits do not melt').",,
REQ-LLD-183,"If the kiosk temperature goes below freezing, a heater should kick in fast to keep the computer boards warm and happy.",InWork,ASIL-A,Anthropomorphic system design goal language ('keep the computer boards warm and happy').,,
REQ-LLD-184,The controller application should deploy heavy cryptographic math when building connection sockets so hackers get confused.,InWork,ASIL-D,"Emotional target definitions ('heavy cryptographic math', 'so hackers get confused').",,
REQ-LLD-185,"When cryptographic public keys are built by the middleware layer, they should be stored safely in a super secure spot.",InWork,ASIL-D,Vague storage location definitions ('stored safely in a super secure spot').,,
REQ-LLD-186,The LED ring around the card reader mouth should blink happily to attract customers walking down the street.,InWork,ASIL-A,Anthropomorphic description focusing on external marketing goals ('blink happily to attract customers').,,
REQ-LLD-187,"When a payment card gets stuck in the reader, the LED slot light must flash red like crazy to show something went wrong.",InWork,ASIL-A,Highly informal and imprecise indicator description ('flash red like crazy').,,
REQ-LLD-188,The host blocklist tree data setup must hold millions of bad IP numbers and look them up super fast without stalling.,InWork,ASIL-D,"Uses vague metrics and unverified classifications ('millions of bad IP numbers', 'super fast').",,
REQ-LLD-189,"When a client packet hits the security wall, the gateway should double-check its source path against the blocklist nicely.",InWork,ASIL-D,Intentionally subjective execution description ('double-check... nicely').,,
REQ-LLD-190,The terminal vault door sensor circuit should be robust and catch bad guys trying to break open the cash vault box.,InWork,ASIL-C,Non-technical security description using informal slang terms ('catch bad guys').,,
REQ-LLD-191,"If the security wire on the cash vault frame is sliced, the terminal should scream an alarm loud enough to scare thieves away.",InWork,ASIL-C,"Highly emotional and non-falsifiable operational targets ('scream an alarm', 'scare thieves away').",,
REQ-LLD-192,The middleware self-test routine should check system memory pools once in a while and fix broken memory cells automatically.,InWork,ASIL-A,Imprecise timeline intervals and missing technical recovery paths ('once in a while').,,
REQ-LLD-193,"If a memory test throws a bit error, the controller system should try to heal itself or email an admin somehow.",InWork,ASIL-B,"Highly ambiguous action directives containing non-standard escape options ('try to heal itself', 'somehow').",,
REQ-LLD-194,The printer font database array should load font vectors smoothly on boot so receipts print text effortlessly.,InWork,ASIL-A,"Subjective aesthetic performance descriptors ('smoothly', 'effortlessly').",,
REQ-LLD-195,"When character scaling arrays are read, the driver layout module must fit the text nicely onto paper slips without gaps.",InWork,ASIL-A,Vague structural positioning parameters ('fit the text nicely... without gaps').,,
REQ-LLD-196,The backend transaction router needs to split database workloads across host computers evenly so servers stay relaxed.,InWork,ASIL-B,Anthropomorphic performance tracking goals ('so servers stay relaxed').,,
REQ-LLD-197,"When a database mainframe crashes, the router should move requests to another computer as fast as possible without lag.",InWork,ASIL-B,Immeasurable performance metrics ('as fast as possible without lag').,,
REQ-LLD-198,The card intake motor should grip plastic cards firmly but gently so it does not scratch the customer's expensive card.,InWork,ASIL-A,"Subjective and unmeasurable physical boundaries ('firmly but gently', 'expensive card').",,
REQ-LLD-199,The terminal power backup system must watch out for power drops and keep the motherboard happy during summer blackouts.,InWork,ASIL-D,Informal and seasonal condition framing statements ('keep the motherboard happy during summer blackouts').,,
REQ-LLD-200,The internal climate control board should manage system fans optimally so the terminal computer never gets sweaty or overheats.,InWork,ASIL-A,"Uses unscientific, highly unprofessional slang terms ('never gets sweaty').",,
