ID,EARS Requirement,ASIL,Fault ID,Detection Time,Reaction Time,Debounce,Recovery,Safe State,DTC,Verification
SYS_REQ_0001,"WHILE VehSpd is within [0 kph, 250 kph], THE SYSTEM SHALL process the VehSpd value within [50 ms].",ASIL B,N/A,N/A,N/A,N/A,N/A,N/A,N/A,HIL_SignalTest
SYS_REQ_0002,"IF VehSpd > 250 kph, THEN THE SYSTEM SHALL: - detect F_OOR_HI_VehSpd within [10 ms] - react within [10 ms] - set DTC_101_VSPD_OOR_HI - transition to safe state.",ASIL B,F_OOR_HI_VEHSPD,10 ms,10 ms,3 cycles,valid for 500 ms,"Torque = 0 Nm, LKA OFF, Warning ON",DTC_101_VSPD_OOR_HI,HIL_FaultInjection
SYS_REQ_0003,"IF VehSpd < 0 kph, THEN THE SYSTEM SHALL: - detect F_OOR_LO_VehSpd within [10 ms] - react within [10 ms] - set DTC_101_VSPD_OOR_LO - transition to safe state.",ASIL B,F_OOR_LO_VEHSPD,10 ms,10 ms,3 cycles,valid for 500 ms,"Torque = 0 Nm, LKA OFF, Warning ON",DTC_101_VSPD_OOR_LO,HIL_FaultInjection
SYS_REQ_0004,"IF VehSpd is not received within [50 ms], THEN THE SYSTEM SHALL: - detect F_TO_VehSpd within [10 ms] - react within [10 ms] - set DTC_101_VSPD_TO - transition to safe state.",ASIL B,F_TO_VEHSPD,10 ms,10 ms,3 cycles,valid for 500 ms,"Torque = 0 Nm, LKA OFF, Warning ON",DTC_101_VSPD_TO,HIL_FaultInjection
SYS_REQ_0005,"IF VehSpd AliveCounter is unchanged for [3 consecutive cycles], THEN THE SYSTEM SHALL: - detect F_ALC_VehSpd within [10 ms] - react within [10 ms] - set DTC_101_VSPD_ALC - transition to safe state.",ASIL B,F_ALC_VEHSPD,10 ms,10 ms,3 cycles,valid for 500 ms,"Torque = 0 Nm, LKA OFF, Warning ON",DTC_101_VSPD_ALC,HIL_FaultInjection
SYS_REQ_0006,"IF VehSpd CRC is invalid, THEN THE SYSTEM SHALL: - detect F_CRC_VehSpd within [10 ms] - react within [10 ms] - set DTC_101_VSPD_CRC - transition to safe state.",ASIL B,F_CRC_VEHSPD,10 ms,10 ms,3 cycles,valid for 500 ms,"Torque = 0 Nm, LKA OFF, Warning ON",DTC_101_VSPD_CRC,HIL_FaultInjection
SYS_REQ_0007,"WHILE F_TO_VEHSPD is active AND VehSpd is valid for [500 ms], THE SYSTEM SHALL clear the fault F_TO_VEHSPD and extinguish DTC_101_VSPD_TO within [20 ms].",ASIL B,N/A,N/A,20 ms,500 ms,N/A,Resume operation,DTC_101_VSPD_TO,HIL_RecoveryTest
SYS_REQ_0008,"WHILE YawRate is within [-120 deg/s, 120 deg/s], THE SYSTEM SHALL process the YawRate value within [50 ms].",ASIL B,N/A,N/A,N/A,N/A,N/A,N/A,N/A,HIL_SignalTest
SYS_REQ_0009,"IF YawRate > 120 deg/s, THEN THE SYSTEM SHALL: - detect F_OOR_HI_YawRate within [10 ms] - react within [10 ms] - set DTC_102_YAW_OOR_HI - transition to safe state.",ASIL B,F_OOR_HI_YAWRATE,10 ms,10 ms,3 cycles,valid for 500 ms,"Torque = 0 Nm, LKA OFF, Warning ON",DTC_102_YAW_OOR_HI,HIL_FaultInjection
SYS_REQ_0010,"IF YawRate < -120 deg/s, THEN THE SYSTEM SHALL: - detect F_OOR_LO_YawRate within [10 ms] - react within [10 ms] - set DTC_102_YAW_OOR_LO - transition to safe state.",ASIL B,F_OOR_LO_YAWRATE,10 ms,10 ms,3 cycles,valid for 500 ms,"Torque = 0 Nm, LKA OFF, Warning ON",DTC_102_YAW_OOR_LO,HIL_FaultInjection
SYS_REQ_0011,"IF YawRate is not received within [50 ms], THEN THE SYSTEM SHALL: - detect F_TO_YawRate within [10 ms] - react within [10 ms] - set DTC_102_YAW_TO - transition to safe state.",ASIL B,F_TO_YAWRATE,10 ms,10 ms,3 cycles,valid for 500 ms,"Torque = 0 Nm, LKA OFF, Warning ON",DTC_102_YAW_TO,HIL_FaultInjection
SYS_REQ_0012,"IF YawRate AliveCounter is unchanged for [3 consecutive cycles], THEN THE SYSTEM SHALL: - detect F_ALC_YawRate within [10 ms] - react within [10 ms] - set DTC_102_YAW_ALC - transition to safe state.",ASIL B,F_ALC_YAWRATE,10 ms,10 ms,3 cycles,valid for 500 ms,"Torque = 0 Nm, LKA OFF, Warning ON",DTC_102_YAW_ALC,HIL_FaultInjection
SYS_REQ_0013,"IF YawRate CRC is invalid, THEN THE SYSTEM SHALL: - detect F_CRC_YawRate within [10 ms] - react within [10 ms] - set DTC_102_YAW_CRC - transition to safe state.",ASIL B,F_CRC_YAWRATE,10 ms,10 ms,3 cycles,valid for 500 ms,"Torque = 0 Nm, LKA OFF, Warning ON",DTC_102_YAW_CRC,HIL_FaultInjection
SYS_REQ_0014,"WHILE F_TO_YAWRATE is active AND YawRate is valid for [500 ms], THE SYSTEM SHALL clear the fault F_TO_YAWRATE and extinguish DTC_102_YAW_TO within [20 ms].",ASIL B,N/A,N/A,20 ms,500 ms,N/A,Resume operation,DTC_102_YAW_TO,HIL_RecoveryTest
SYS_REQ_0015,"WHILE DriverTorque is within [-15 Nm, 15 Nm], THE SYSTEM SHALL process the DriverTorque value within [30 ms].",ASIL D,N/A,N/A,N/A,N/A,N/A,N/A,N/A,HIL_SignalTest
SYS_REQ_0016,"IF DriverTorque > 15 Nm, THEN THE SYSTEM SHALL: - detect F_OOR_HI_DriverTorque within [10 ms] - react within [10 ms] - set DTC_103_TRQ_OOR_HI - transition to safe state.",ASIL D,F_OOR_HI_DRIVERTORQUE,10 ms,10 ms,3 cycles,valid for 500 ms,"Torque = 0 Nm, LKA OFF, Warning ON",DTC_103_TRQ_OOR_HI,HIL_FaultInjection
SYS_REQ_0017,"IF DriverTorque < -15 Nm, THEN THE SYSTEM SHALL: - detect F_OOR_LO_DriverTorque within [10 ms] - react within [10 ms] - set DTC_103_TRQ_OOR_LO - transition to safe state.",ASIL D,F_OOR_LO_DRIVERTORQUE,10 ms,10 ms,3 cycles,valid for 500 ms,"Torque = 0 Nm, LKA OFF, Warning ON",DTC_103_TRQ_OOR_LO,HIL_FaultInjection
SYS_REQ_0018,"IF DriverTorque is not received within [30 ms], THEN THE SYSTEM SHALL: - detect F_TO_DriverTorque within [10 ms] - react within [10 ms] - set DTC_103_TRQ_TO - transition to safe state.",ASIL D,F_TO_DRIVERTORQUE,10 ms,10 ms,3 cycles,valid for 500 ms,"Torque = 0 Nm, LKA OFF, Warning ON",DTC_103_TRQ_TO,HIL_FaultInjection
SYS_REQ_0019,"IF DriverTorque AliveCounter is unchanged for [3 consecutive cycles], THEN THE SYSTEM SHALL: - detect F_ALC_DriverTorque within [10 ms] - react within [10 ms] - set DTC_103_TRQ_ALC - transition to safe state.",ASIL D,F_ALC_DRIVERTORQUE,10 ms,10 ms,3 cycles,valid for 500 ms,"Torque = 0 Nm, LKA OFF, Warning ON",DTC_103_TRQ_ALC,HIL_FaultInjection
SYS_REQ_0020,"IF DriverTorque CRC is invalid, THEN THE SYSTEM SHALL: - detect F_CRC_DriverTorque within [10 ms] - react within [10 ms] - set DTC_103_TRQ_CRC - transition to safe state.",ASIL D,F_CRC_DRIVERTORQUE,10 ms,10 ms,3 cycles,valid for 500 ms,"Torque = 0 Nm, LKA OFF, Warning ON",DTC_103_TRQ_CRC,HIL_FaultInjection
SYS_REQ_0021,"WHILE F_TO_DRIVERTORQUE is active AND DriverTorque is valid for [500 ms], THE SYSTEM SHALL clear the fault F_TO_DRIVERTORQUE and extinguish DTC_103_TRQ_TO within [20 ms].",ASIL D,N/A,N/A,20 ms,500 ms,N/A,Resume operation,DTC_103_TRQ_TO,HIL_RecoveryTest
SYS_REQ_0022,"WHILE SteeringAngle is within [-720 deg, 720 deg], THE SYSTEM SHALL process the SteeringAngle value within [30 ms].",ASIL B,N/A,N/A,N/A,N/A,N/A,N/A,N/A,HIL_SignalTest
SYS_REQ_0023,"IF SteeringAngle > 720 deg, THEN THE SYSTEM SHALL: - detect F_OOR_HI_SteeringAngle within [10 ms] - react within [10 ms] - set DTC_104_SWA_OOR_HI - transition to safe state.",ASIL B,F_OOR_HI_STEERINGANGLE,10 ms,10 ms,3 cycles,valid for 500 ms,"Torque = 0 Nm, LKA OFF, Warning ON",DTC_104_SWA_OOR_HI,HIL_FaultInjection
SYS_REQ_0024,"IF SteeringAngle < -720 deg, THEN THE SYSTEM SHALL: - detect F_OOR_LO_SteeringAngle within [10 ms] - react within [10 ms] - set DTC_104_SWA_OOR_LO - transition to safe state.",ASIL B,F_OOR_LO_STEERINGANGLE,10 ms,10 ms,3 cycles,valid for 500 ms,"Torque = 0 Nm, LKA OFF, Warning ON",DTC_104_SWA_OOR_LO,HIL_FaultInjection
SYS_REQ_0025,"IF SteeringAngle is not received within [30 ms], THEN THE SYSTEM SHALL: - detect F_TO_SteeringAngle within [10 ms] - react within [10 ms] - set DTC_104_SWA_TO - transition to safe state.",ASIL B,F_TO_STEERINGANGLE,10 ms,10 ms,3 cycles,valid for 500 ms,"Torque = 0 Nm, LKA OFF, Warning ON",DTC_104_SWA_TO,HIL_FaultInjection
SYS_REQ_0026,"IF SteeringAngle AliveCounter is unchanged for [3 consecutive cycles], THEN THE SYSTEM SHALL: - detect F_ALC_SteeringAngle within [10 ms] - react within [10 ms] - set DTC_104_SWA_ALC - transition to safe state.",ASIL B,F_ALC_STEERINGANGLE,10 ms,10 ms,3 cycles,valid for 500 ms,"Torque = 0 Nm, LKA OFF, Warning ON",DTC_104_SWA_ALC,HIL_FaultInjection
SYS_REQ_0027,"IF SteeringAngle CRC is invalid, THEN THE SYSTEM SHALL: - detect F_CRC_SteeringAngle within [10 ms] - react within [10 ms] - set DTC_104_SWA_CRC - transition to safe state.",ASIL B,F_CRC_STEERINGANGLE,10 ms,10 ms,3 cycles,valid for 500 ms,"Torque = 0 Nm, LKA OFF, Warning ON",DTC_104_SWA_CRC,HIL_FaultInjection
SYS_REQ_0028,"WHILE F_TO_STEERINGANGLE is active AND SteeringAngle is valid for [500 ms], THE SYSTEM SHALL clear the fault F_TO_STEERINGANGLE and extinguish DTC_104_SWA_TO within [20 ms].",ASIL B,N/A,N/A,20 ms,500 ms,N/A,Resume operation,DTC_104_SWA_TO,HIL_RecoveryTest
SYS_REQ_0029,"WHILE TurnSignal is within [0 enum, 3 enum], THE SYSTEM SHALL process the TurnSignal value within [250 ms].",QM,N/A,N/A,N/A,N/A,N/A,N/A,N/A,HIL_SignalTest
SYS_REQ_0030,"IF TurnSignal > 3 enum, THEN THE SYSTEM SHALL: - detect F_OOR_HI_TurnSignal within [10 ms] - react within [10 ms] - set DTC_105_TRN_OOR_HI - transition to safe state.",QM,F_OOR_HI_TURNSIGNAL,10 ms,10 ms,3 cycles,valid for 500 ms,"Torque = 0 Nm, LKA OFF, Warning ON",DTC_105_TRN_OOR_HI,HIL_FaultInjection
SYS_REQ_0031,"IF TurnSignal < 0 enum, THEN THE SYSTEM SHALL: - detect F_OOR_LO_TurnSignal within [10 ms] - react within [10 ms] - set DTC_105_TRN_OOR_LO - transition to safe state.",QM,F_OOR_LO_TURNSIGNAL,10 ms,10 ms,3 cycles,valid for 500 ms,"Torque = 0 Nm, LKA OFF, Warning ON",DTC_105_TRN_OOR_LO,HIL_FaultInjection
SYS_REQ_0032,"IF TurnSignal is not received within [250 ms], THEN THE SYSTEM SHALL: - detect F_TO_TurnSignal within [10 ms] - react within [10 ms] - set DTC_105_TRN_TO - transition to safe state.",QM,F_TO_TURNSIGNAL,10 ms,10 ms,3 cycles,valid for 500 ms,"Torque = 0 Nm, LKA OFF, Warning ON",DTC_105_TRN_TO,HIL_FaultInjection
SYS_REQ_0033,"IF TurnSignal AliveCounter is unchanged for [3 consecutive cycles], THEN THE SYSTEM SHALL: - detect F_ALC_TurnSignal within [10 ms] - react within [10 ms] - set DTC_105_TRN_ALC - transition to safe state.",QM,F_ALC_TURNSIGNAL,10 ms,10 ms,3 cycles,valid for 500 ms,"Torque = 0 Nm, LKA OFF, Warning ON",DTC_105_TRN_ALC,HIL_FaultInjection
SYS_REQ_0034,"IF TurnSignal CRC is invalid, THEN THE SYSTEM SHALL: - detect F_CRC_TurnSignal within [10 ms] - react within [10 ms] - set DTC_105_TRN_CRC - transition to safe state.",QM,F_CRC_TURNSIGNAL,10 ms,10 ms,3 cycles,valid for 500 ms,"Torque = 0 Nm, LKA OFF, Warning ON",DTC_105_TRN_CRC,HIL_FaultInjection
SYS_REQ_0035,"WHILE F_TO_TURNSIGNAL is active AND TurnSignal is valid for [500 ms], THE SYSTEM SHALL clear the fault F_TO_TURNSIGNAL and extinguish DTC_105_TRN_TO within [20 ms].",QM,N/A,N/A,20 ms,500 ms,N/A,Resume operation,DTC_105_TRN_TO,HIL_RecoveryTest
SYS_REQ_0036,"WHILE BrakeStatus is within [0 enum, 1 enum], THE SYSTEM SHALL process the BrakeStatus value within [50 ms].",ASIL B,N/A,N/A,N/A,N/A,N/A,N/A,N/A,HIL_SignalTest
SYS_REQ_0037,"IF BrakeStatus > 1 enum, THEN THE SYSTEM SHALL: - detect F_OOR_HI_BrakeStatus within [10 ms] - react within [10 ms] - set DTC_106_BRK_OOR_HI - transition to safe state.",ASIL B,F_OOR_HI_BRAKESTATUS,10 ms,10 ms,3 cycles,valid for 500 ms,"Torque = 0 Nm, LKA OFF, Warning ON",DTC_106_BRK_OOR_HI,HIL_FaultInjection
SYS_REQ_0038,"IF BrakeStatus < 0 enum, THEN THE SYSTEM SHALL: - detect F_OOR_LO_BrakeStatus within [10 ms] - react within [10 ms] - set DTC_106_BRK_OOR_LO - transition to safe state.",ASIL B,F_OOR_LO_BRAKESTATUS,10 ms,10 ms,3 cycles,valid for 500 ms,"Torque = 0 Nm, LKA OFF, Warning ON",DTC_106_BRK_OOR_LO,HIL_FaultInjection
SYS_REQ_0039,"IF BrakeStatus is not received within [50 ms], THEN THE SYSTEM SHALL: - detect F_TO_BrakeStatus within [10 ms] - react within [10 ms] - set DTC_106_BRK_TO - transition to safe state.",ASIL B,F_TO_BRAKESTATUS,10 ms,10 ms,3 cycles,valid for 500 ms,"Torque = 0 Nm, LKA OFF, Warning ON",DTC_106_BRK_TO,HIL_FaultInjection
SYS_REQ_0040,"IF BrakeStatus AliveCounter is unchanged for [3 consecutive cycles], THEN THE SYSTEM SHALL: - detect F_ALC_BrakeStatus within [10 ms] - react within [10 ms] - set DTC_106_BRK_ALC - transition to safe state.",ASIL B,F_ALC_BRAKESTATUS,10 ms,10 ms,3 cycles,valid for 500 ms,"Torque = 0 Nm, LKA OFF, Warning ON",DTC_106_BRK_ALC,HIL_FaultInjection
SYS_REQ_0041,"IF BrakeStatus CRC is invalid, THEN THE SYSTEM SHALL: - detect F_CRC_BrakeStatus within [10 ms] - react within [10 ms] - set DTC_106_BRK_CRC - transition to safe state.",ASIL B,F_CRC_BRAKESTATUS,10 ms,10 ms,3 cycles,valid for 500 ms,"Torque = 0 Nm, LKA OFF, Warning ON",DTC_106_BRK_CRC,HIL_FaultInjection
SYS_REQ_0042,"WHILE F_TO_BRAKESTATUS is active AND BrakeStatus is valid for [500 ms], THE SYSTEM SHALL clear the fault F_TO_BRAKESTATUS and extinguish DTC_106_BRK_TO within [20 ms].",ASIL B,N/A,N/A,20 ms,500 ms,N/A,Resume operation,DTC_106_BRK_TO,HIL_RecoveryTest
SYS_REQ_0043,"WHILE AccelPedal is within [0 %, 100 %], THE SYSTEM SHALL process the AccelPedal value within [50 ms].",QM,N/A,N/A,N/A,N/A,N/A,N/A,N/A,HIL_SignalTest
SYS_REQ_0044,"IF AccelPedal > 100 %, THEN THE SYSTEM SHALL: - detect F_OOR_HI_AccelPedal within [10 ms] - react within [10 ms] - set DTC_107_ACC_OOR_HI - transition to safe state.",QM,F_OOR_HI_ACCELPEDAL,10 ms,10 ms,3 cycles,valid for 500 ms,"Torque = 0 Nm, LKA OFF, Warning ON",DTC_107_ACC_OOR_HI,HIL_FaultInjection
SYS_REQ_0045,"IF AccelPedal < 0 %, THEN THE SYSTEM SHALL: - detect F_OOR_LO_AccelPedal within [10 ms] - react within [10 ms] - set DTC_107_ACC_OOR_LO - transition to safe state.",QM,F_OOR_LO_ACCELPEDAL,10 ms,10 ms,3 cycles,valid for 500 ms,"Torque = 0 Nm, LKA OFF, Warning ON",DTC_107_ACC_OOR_LO,HIL_FaultInjection
SYS_REQ_0046,"IF AccelPedal is not received within [50 ms], THEN THE SYSTEM SHALL: - detect F_TO_AccelPedal within [10 ms] - react within [10 ms] - set DTC_107_ACC_TO - transition to safe state.",QM,F_TO_ACCELPEDAL,10 ms,10 ms,3 cycles,valid for 500 ms,"Torque = 0 Nm, LKA OFF, Warning ON",DTC_107_ACC_TO,HIL_FaultInjection
SYS_REQ_0047,"IF AccelPedal AliveCounter is unchanged for [3 consecutive cycles], THEN THE SYSTEM SHALL: - detect F_ALC_AccelPedal within [10 ms] - react within [10 ms] - set DTC_107_ACC_ALC - transition to safe state.",QM,F_ALC_ACCELPEDAL,10 ms,10 ms,3 cycles,valid for 500 ms,"Torque = 0 Nm, LKA OFF, Warning ON",DTC_107_ACC_ALC,HIL_FaultInjection
SYS_REQ_0048,"IF AccelPedal CRC is invalid, THEN THE SYSTEM SHALL: - detect F_CRC_AccelPedal within [10 ms] - react within [10 ms] - set DTC_107_ACC_CRC - transition to safe state.",QM,F_CRC_ACCELPEDAL,10 ms,10 ms,3 cycles,valid for 500 ms,"Torque = 0 Nm, LKA OFF, Warning ON",DTC_107_ACC_CRC,HIL_FaultInjection
SYS_REQ_0049,"WHILE F_TO_ACCELPEDAL is active AND AccelPedal is valid for [500 ms], THE SYSTEM SHALL clear the fault F_TO_ACCELPEDAL and extinguish DTC_107_ACC_TO within [20 ms].",QM,N/A,N/A,20 ms,500 ms,N/A,Resume operation,DTC_107_ACC_TO,HIL_RecoveryTest
SYS_REQ_0050,"WHILE WiperStatus is within [0 enum, 3 enum], THE SYSTEM SHALL process the WiperStatus value within [250 ms].",QM,N/A,N/A,N/A,N/A,N/A,N/A,N/A,HIL_SignalTest
SYS_REQ_0051,"IF WiperStatus > 3 enum, THEN THE SYSTEM SHALL: - detect F_OOR_HI_WiperStatus within [10 ms] - react within [10 ms] - set DTC_108_WIP_OOR_HI - transition to safe state.",QM,F_OOR_HI_WIPERSTATUS,10 ms,10 ms,3 cycles,valid for 500 ms,"Torque = 0 Nm, LKA OFF, Warning ON",DTC_108_WIP_OOR_HI,HIL_FaultInjection
SYS_REQ_0052,"IF WiperStatus < 0 enum, THEN THE SYSTEM SHALL: - detect F_OOR_LO_WiperStatus within [10 ms] - react within [10 ms] - set DTC_108_WIP_OOR_LO - transition to safe state.",QM,F_OOR_LO_WIPERSTATUS,10 ms,10 ms,3 cycles,valid for 500 ms,"Torque = 0 Nm, LKA OFF, Warning ON",DTC_108_WIP_OOR_LO,HIL_FaultInjection
SYS_REQ_0053,"IF WiperStatus is not received within [250 ms], THEN THE SYSTEM SHALL: - detect F_TO_WiperStatus within [10 ms] - react within [10 ms] - set DTC_108_WIP_TO - transition to safe state.",QM,F_TO_WIPERSTATUS,10 ms,10 ms,3 cycles,valid for 500 ms,"Torque = 0 Nm, LKA OFF, Warning ON",DTC_108_WIP_TO,HIL_FaultInjection
SYS_REQ_0054,"IF WiperStatus AliveCounter is unchanged for [3 consecutive cycles], THEN THE SYSTEM SHALL: - detect F_ALC_WiperStatus within [10 ms] - react within [10 ms] - set DTC_108_WIP_ALC - transition to safe state.",QM,F_ALC_WIPERSTATUS,10 ms,10 ms,3 cycles,valid for 500 ms,"Torque = 0 Nm, LKA OFF, Warning ON",DTC_108_WIP_ALC,HIL_FaultInjection
SYS_REQ_0055,"IF WiperStatus CRC is invalid, THEN THE SYSTEM SHALL: - detect F_CRC_WiperStatus within [10 ms] - react within [10 ms] - set DTC_108_WIP_CRC - transition to safe state.",QM,F_CRC_WIPERSTATUS,10 ms,10 ms,3 cycles,valid for 500 ms,"Torque = 0 Nm, LKA OFF, Warning ON",DTC_108_WIP_CRC,HIL_FaultInjection
SYS_REQ_0056,"WHILE F_TO_WIPERSTATUS is active AND WiperStatus is valid for [500 ms], THE SYSTEM SHALL clear the fault F_TO_WIPERSTATUS and extinguish DTC_108_WIP_TO within [20 ms].",QM,N/A,N/A,20 ms,500 ms,N/A,Resume operation,DTC_108_WIP_TO,HIL_RecoveryTest
SYS_REQ_0057,"WHILE LKATorqueReq is within [-3 Nm, 3 Nm], THE SYSTEM SHALL process the LKATorqueReq value within [30 ms].",ASIL D,N/A,N/A,N/A,N/A,N/A,N/A,N/A,HIL_SignalTest
SYS_REQ_0058,"IF LKATorqueReq > 3 Nm, THEN THE SYSTEM SHALL: - detect F_OOR_HI_LKATorqueReq within [10 ms] - react within [10 ms] - set DTC_110_LKA_OOR_HI - transition to safe state.",ASIL D,F_OOR_HI_LKATORQUEREQ,10 ms,10 ms,3 cycles,valid for 500 ms,"Torque = 0 Nm, LKA OFF, Warning ON",DTC_110_LKA_OOR_HI,HIL_FaultInjection
SYS_REQ_0059,"IF LKATorqueReq < -3 Nm, THEN THE SYSTEM SHALL: - detect F_OOR_LO_LKATorqueReq within [10 ms] - react within [10 ms] - set DTC_110_LKA_OOR_LO - transition to safe state.",ASIL D,F_OOR_LO_LKATORQUEREQ,10 ms,10 ms,3 cycles,valid for 500 ms,"Torque = 0 Nm, LKA OFF, Warning ON",DTC_110_LKA_OOR_LO,HIL_FaultInjection
SYS_REQ_0060,"IF LKATorqueReq is not received within [30 ms], THEN THE SYSTEM SHALL: - detect F_TO_LKATorqueReq within [10 ms] - react within [10 ms] - set DTC_110_LKA_TO - transition to safe state.",ASIL D,F_TO_LKATORQUEREQ,10 ms,10 ms,3 cycles,valid for 500 ms,"Torque = 0 Nm, LKA OFF, Warning ON",DTC_110_LKA_TO,HIL_FaultInjection
SYS_REQ_0061,"IF LKATorqueReq AliveCounter is unchanged for [3 consecutive cycles], THEN THE SYSTEM SHALL: - detect F_ALC_LKATorqueReq within [10 ms] - react within [10 ms] - set DTC_110_LKA_ALC - transition to safe state.",ASIL D,F_ALC_LKATORQUEREQ,10 ms,10 ms,3 cycles,valid for 500 ms,"Torque = 0 Nm, LKA OFF, Warning ON",DTC_110_LKA_ALC,HIL_FaultInjection
SYS_REQ_0062,"IF LKATorqueReq CRC is invalid, THEN THE SYSTEM SHALL: - detect F_CRC_LKATorqueReq within [10 ms] - react within [10 ms] - set DTC_110_LKA_CRC - transition to safe state.",ASIL D,F_CRC_LKATORQUEREQ,10 ms,10 ms,3 cycles,valid for 500 ms,"Torque = 0 Nm, LKA OFF, Warning ON",DTC_110_LKA_CRC,HIL_FaultInjection
SYS_REQ_0063,"WHILE F_TO_LKATORQUEREQ is active AND LKATorqueReq is valid for [500 ms], THE SYSTEM SHALL clear the fault F_TO_LKATORQUEREQ and extinguish DTC_110_LKA_TO within [20 ms].",ASIL D,N/A,N/A,20 ms,500 ms,N/A,Resume operation,DTC_110_LKA_TO,HIL_RecoveryTest
SYS_REQ_0064,"WHILE LaneConf is within [0 %, 100 %], THE SYSTEM SHALL process the LaneConf value within [150 ms].",ASIL B,N/A,N/A,N/A,N/A,N/A,N/A,N/A,HIL_SignalTest
SYS_REQ_0065,"IF LaneConf > 100 %, THEN THE SYSTEM SHALL: - detect F_OOR_HI_LaneConf within [10 ms] - react within [10 ms] - set DTC_111_LCF_OOR_HI - transition to safe state.",ASIL B,F_OOR_HI_LANECONF,10 ms,10 ms,3 cycles,valid for 500 ms,"Torque = 0 Nm, LKA OFF, Warning ON",DTC_111_LCF_OOR_HI,HIL_FaultInjection
SYS_REQ_0066,"IF LaneConf < 0 %, THEN THE SYSTEM SHALL: - detect F_OOR_LO_LaneConf within [10 ms] - react within [10 ms] - set DTC_111_LCF_OOR_LO - transition to safe state.",ASIL B,F_OOR_LO_LANECONF,10 ms,10 ms,3 cycles,valid for 500 ms,"Torque = 0 Nm, LKA OFF, Warning ON",DTC_111_LCF_OOR_LO,HIL_FaultInjection
SYS_REQ_0067,"IF LaneConf is not received within [150 ms], THEN THE SYSTEM SHALL: - detect F_TO_LaneConf within [10 ms] - react within [10 ms] - set DTC_111_LCF_TO - transition to safe state.",ASIL B,F_TO_LANECONF,10 ms,10 ms,3 cycles,valid for 500 ms,"Torque = 0 Nm, LKA OFF, Warning ON",DTC_111_LCF_TO,HIL_FaultInjection
SYS_REQ_0068,"IF LaneConf AliveCounter is unchanged for [3 consecutive cycles], THEN THE SYSTEM SHALL: - detect F_ALC_LaneConf within [10 ms] - react within [10 ms] - set DTC_111_LCF_ALC - transition to safe state.",ASIL B,F_ALC_LANECONF,10 ms,10 ms,3 cycles,valid for 500 ms,"Torque = 0 Nm, LKA OFF, Warning ON",DTC_111_LCF_ALC,HIL_FaultInjection
SYS_REQ_0069,"IF LaneConf CRC is invalid, THEN THE SYSTEM SHALL: - detect F_CRC_LaneConf within [10 ms] - react within [10 ms] - set DTC_111_LCF_CRC - transition to safe state.",ASIL B,F_CRC_LANECONF,10 ms,10 ms,3 cycles,valid for 500 ms,"Torque = 0 Nm, LKA OFF, Warning ON",DTC_111_LCF_CRC,HIL_FaultInjection
SYS_REQ_0070,"WHILE F_TO_LANECONF is active AND LaneConf is valid for [500 ms], THE SYSTEM SHALL clear the fault F_TO_LANECONF and extinguish DTC_111_LCF_TO within [20 ms].",ASIL B,N/A,N/A,20 ms,500 ms,N/A,Resume operation,DTC_111_LCF_TO,HIL_RecoveryTest
SYS_REQ_0071,"WHILE LaneCurvature is within [-0.05 1/m, 0.05 1/m], THE SYSTEM SHALL process the LaneCurvature value within [150 ms].",ASIL B,N/A,N/A,N/A,N/A,N/A,N/A,N/A,HIL_SignalTest
SYS_REQ_0072,"IF LaneCurvature > 0.05 1/m, THEN THE SYSTEM SHALL: - detect F_OOR_HI_LaneCurvature within [10 ms] - react within [10 ms] - set DTC_112_CRV_OOR_HI - transition to safe state.",ASIL B,F_OOR_HI_LANECURVATURE,10 ms,10 ms,3 cycles,valid for 500 ms,"Torque = 0 Nm, LKA OFF, Warning ON",DTC_112_CRV_OOR_HI,HIL_FaultInjection
SYS_REQ_0073,"IF LaneCurvature < -0.05 1/m, THEN THE SYSTEM SHALL: - detect F_OOR_LO_LaneCurvature within [10 ms] - react within [10 ms] - set DTC_112_CRV_OOR_LO - transition to safe state.",ASIL B,F_OOR_LO_LANECURVATURE,10 ms,10 ms,3 cycles,valid for 500 ms,"Torque = 0 Nm, LKA OFF, Warning ON",DTC_112_CRV_OOR_LO,HIL_FaultInjection
SYS_REQ_0074,"IF LaneCurvature is not received within [150 ms], THEN THE SYSTEM SHALL: - detect F_TO_LaneCurvature within [10 ms] - react within [10 ms] - set DTC_112_CRV_TO - transition to safe state.",ASIL B,F_TO_LANECURVATURE,10 ms,10 ms,3 cycles,valid for 500 ms,"Torque = 0 Nm, LKA OFF, Warning ON",DTC_112_CRV_TO,HIL_FaultInjection
SYS_REQ_0075,"IF LaneCurvature AliveCounter is unchanged for [3 consecutive cycles], THEN THE SYSTEM SHALL: - detect F_ALC_LaneCurvature within [10 ms] - react within [10 ms] - set DTC_112_CRV_ALC - transition to safe state.",ASIL B,F_ALC_LANECURVATURE,10 ms,10 ms,3 cycles,valid for 500 ms,"Torque = 0 Nm, LKA OFF, Warning ON",DTC_112_CRV_ALC,HIL_FaultInjection
SYS_REQ_0076,"IF LaneCurvature CRC is invalid, THEN THE SYSTEM SHALL: - detect F_CRC_LaneCurvature within [10 ms] - react within [10 ms] - set DTC_112_CRV_CRC - transition to safe state.",ASIL B,F_CRC_LANECURVATURE,10 ms,10 ms,3 cycles,valid for 500 ms,"Torque = 0 Nm, LKA OFF, Warning ON",DTC_112_CRV_CRC,HIL_FaultInjection
SYS_REQ_0077,"WHILE F_TO_LANECURVATURE is active AND LaneCurvature is valid for [500 ms], THE SYSTEM SHALL clear the fault F_TO_LANECURVATURE and extinguish DTC_112_CRV_TO within [20 ms].",ASIL B,N/A,N/A,20 ms,500 ms,N/A,Resume operation,DTC_112_CRV_TO,HIL_RecoveryTest
SYS_REQ_0078,"WHILE LateralOffset is within [-2.5 m, 2.5 m], THE SYSTEM SHALL process the LateralOffset value within [150 ms].",ASIL B,N/A,N/A,N/A,N/A,N/A,N/A,N/A,HIL_SignalTest
SYS_REQ_0079,"IF LateralOffset > 2.5 m, THEN THE SYSTEM SHALL: - detect F_OOR_HI_LateralOffset within [10 ms] - react within [10 ms] - set DTC_113_LAT_OOR_HI - transition to safe state.",ASIL B,F_OOR_HI_LATERALOFFSET,10 ms,10 ms,3 cycles,valid for 500 ms,"Torque = 0 Nm, LKA OFF, Warning ON",DTC_113_LAT_OOR_HI,HIL_FaultInjection
SYS_REQ_0080,"IF LateralOffset < -2.5 m, THEN THE SYSTEM SHALL: - detect F_OOR_LO_LateralOffset within [10 ms] - react within [10 ms] - set DTC_113_LAT_OOR_LO - transition to safe state.",ASIL B,F_OOR_LO_LATERALOFFSET,10 ms,10 ms,3 cycles,valid for 500 ms,"Torque = 0 Nm, LKA OFF, Warning ON",DTC_113_LAT_OOR_LO,HIL_FaultInjection
SYS_REQ_0081,"IF LateralOffset is not received within [150 ms], THEN THE SYSTEM SHALL: - detect F_TO_LateralOffset within [10 ms] - react within [10 ms] - set DTC_113_LAT_TO - transition to safe state.",ASIL B,F_TO_LATERALOFFSET,10 ms,10 ms,3 cycles,valid for 500 ms,"Torque = 0 Nm, LKA OFF, Warning ON",DTC_113_LAT_TO,HIL_FaultInjection
SYS_REQ_0082,"IF LateralOffset AliveCounter is unchanged for [3 consecutive cycles], THEN THE SYSTEM SHALL: - detect F_ALC_LateralOffset within [10 ms] - react within [10 ms] - set DTC_113_LAT_ALC - transition to safe state.",ASIL B,F_ALC_LATERALOFFSET,10 ms,10 ms,3 cycles,valid for 500 ms,"Torque = 0 Nm, LKA OFF, Warning ON",DTC_113_LAT_ALC,HIL_FaultInjection
SYS_REQ_0083,"IF LateralOffset CRC is invalid, THEN THE SYSTEM SHALL: - detect F_CRC_LateralOffset within [10 ms] - react within [10 ms] - set DTC_113_LAT_CRC - transition to safe state.",ASIL B,F_CRC_LATERALOFFSET,10 ms,10 ms,3 cycles,valid for 500 ms,"Torque = 0 Nm, LKA OFF, Warning ON",DTC_113_LAT_CRC,HIL_FaultInjection
SYS_REQ_0084,"WHILE F_TO_LATERALOFFSET is active AND LateralOffset is valid for [500 ms], THE SYSTEM SHALL clear the fault F_TO_LATERALOFFSET and extinguish DTC_113_LAT_TO within [20 ms].",ASIL B,N/A,N/A,20 ms,500 ms,N/A,Resume operation,DTC_113_LAT_TO,HIL_RecoveryTest
SYS_REQ_0085,"WHILE TLC is within [0 s, 10 s], THE SYSTEM SHALL process the TLC value within [150 ms].",ASIL B,N/A,N/A,N/A,N/A,N/A,N/A,N/A,HIL_SignalTest
SYS_REQ_0086,"IF TLC > 10 s, THEN THE SYSTEM SHALL: - detect F_OOR_HI_TLC within [10 ms] - react within [10 ms] - set DTC_114_TLC_OOR_HI - transition to safe state.",ASIL B,F_OOR_HI_TLC,10 ms,10 ms,3 cycles,valid for 500 ms,"Torque = 0 Nm, LKA OFF, Warning ON",DTC_114_TLC_OOR_HI,HIL_FaultInjection
SYS_REQ_0087,"IF TLC < 0 s, THEN THE SYSTEM SHALL: - detect F_OOR_LO_TLC within [10 ms] - react within [10 ms] - set DTC_114_TLC_OOR_LO - transition to safe state.",ASIL B,F_OOR_LO_TLC,10 ms,10 ms,3 cycles,valid for 500 ms,"Torque = 0 Nm, LKA OFF, Warning ON",DTC_114_TLC_OOR_LO,HIL_FaultInjection
SYS_REQ_0088,"IF TLC is not received within [150 ms], THEN THE SYSTEM SHALL: - detect F_TO_TLC within [10 ms] - react within [10 ms] - set DTC_114_TLC_TO - transition to safe state.",ASIL B,F_TO_TLC,10 ms,10 ms,3 cycles,valid for 500 ms,"Torque = 0 Nm, LKA OFF, Warning ON",DTC_114_TLC_TO,HIL_FaultInjection
SYS_REQ_0089,"IF TLC AliveCounter is unchanged for [3 consecutive cycles], THEN THE SYSTEM SHALL: - detect F_ALC_TLC within [10 ms] - react within [10 ms] - set DTC_114_TLC_ALC - transition to safe state.",ASIL B,F_ALC_TLC,10 ms,10 ms,3 cycles,valid for 500 ms,"Torque = 0 Nm, LKA OFF, Warning ON",DTC_114_TLC_ALC,HIL_FaultInjection
SYS_REQ_0090,"IF TLC CRC is invalid, THEN THE SYSTEM SHALL: - detect F_CRC_TLC within [10 ms] - react within [10 ms] - set DTC_114_TLC_CRC - transition to safe state.",ASIL B,F_CRC_TLC,10 ms,10 ms,3 cycles,valid for 500 ms,"Torque = 0 Nm, LKA OFF, Warning ON",DTC_114_TLC_CRC,HIL_FaultInjection
SYS_REQ_0091,"WHILE F_TO_TLC is active AND TLC is valid for [500 ms], THE SYSTEM SHALL clear the fault F_TO_TLC and extinguish DTC_114_TLC_TO within [20 ms].",ASIL B,N/A,N/A,20 ms,500 ms,N/A,Resume operation,DTC_114_TLC_TO,HIL_RecoveryTest
SYS_REQ_0092,"WHILE LKA_Status is within [0 enum, 5 enum], THE SYSTEM SHALL process the LKA_Status value within [250 ms].",ASIL B,N/A,N/A,N/A,N/A,N/A,N/A,N/A,HIL_SignalTest
SYS_REQ_0093,"IF LKA_Status > 5 enum, THEN THE SYSTEM SHALL: - detect F_OOR_HI_LKA_Status within [10 ms] - react within [10 ms] - set DTC_115_STS_OOR_HI - transition to safe state.",ASIL B,F_OOR_HI_LKA_STATUS,10 ms,10 ms,3 cycles,valid for 500 ms,"Torque = 0 Nm, LKA OFF, Warning ON",DTC_115_STS_OOR_HI,HIL_FaultInjection
SYS_REQ_0094,"IF LKA_Status < 0 enum, THEN THE SYSTEM SHALL: - detect F_OOR_LO_LKA_Status within [10 ms] - react within [10 ms] - set DTC_115_STS_OOR_LO - transition to safe state.",ASIL B,F_OOR_LO_LKA_STATUS,10 ms,10 ms,3 cycles,valid for 500 ms,"Torque = 0 Nm, LKA OFF, Warning ON",DTC_115_STS_OOR_LO,HIL_FaultInjection
SYS_REQ_0095,"IF LKA_Status is not received within [250 ms], THEN THE SYSTEM SHALL: - detect F_TO_LKA_Status within [10 ms] - react within [10 ms] - set DTC_115_STS_TO - transition to safe state.",ASIL B,F_TO_LKA_STATUS,10 ms,10 ms,3 cycles,valid for 500 ms,"Torque = 0 Nm, LKA OFF, Warning ON",DTC_115_STS_TO,HIL_FaultInjection
SYS_REQ_0096,"IF LKA_Status AliveCounter is unchanged for [3 consecutive cycles], THEN THE SYSTEM SHALL: - detect F_ALC_LKA_Status within [10 ms] - react within [10 ms] - set DTC_115_STS_ALC - transition to safe state.",ASIL B,F_ALC_LKA_STATUS,10 ms,10 ms,3 cycles,valid for 500 ms,"Torque = 0 Nm, LKA OFF, Warning ON",DTC_115_STS_ALC,HIL_FaultInjection
SYS_REQ_0097,"IF LKA_Status CRC is invalid, THEN THE SYSTEM SHALL: - detect F_CRC_LKA_Status within [10 ms] - react within [10 ms] - set DTC_115_STS_CRC - transition to safe state.",ASIL B,F_CRC_LKA_STATUS,10 ms,10 ms,3 cycles,valid for 500 ms,"Torque = 0 Nm, LKA OFF, Warning ON",DTC_115_STS_CRC,HIL_FaultInjection
SYS_REQ_0098,"WHILE F_TO_LKA_STATUS is active AND LKA_Status is valid for [500 ms], THE SYSTEM SHALL clear the fault F_TO_LKA_STATUS and extinguish DTC_115_STS_TO within [20 ms].",ASIL B,N/A,N/A,20 ms,500 ms,N/A,Resume operation,DTC_115_STS_TO,HIL_RecoveryTest
SYS_REQ_0099,"WHILE LKA_Warning is within [0 enum, 3 enum], THE SYSTEM SHALL process the LKA_Warning value within [250 ms].",ASIL B,N/A,N/A,N/A,N/A,N/A,N/A,N/A,HIL_SignalTest
SYS_REQ_0100,"IF LKA_Warning > 3 enum, THEN THE SYSTEM SHALL: - detect F_OOR_HI_LKA_Warning within [10 ms] - react within [10 ms] - set DTC_116_WRN_OOR_HI - transition to safe state.",ASIL B,F_OOR_HI_LKA_WARNING,10 ms,10 ms,3 cycles,valid for 500 ms,"Torque = 0 Nm, LKA OFF, Warning ON",DTC_116_WRN_OOR_HI,HIL_FaultInjection
SYS_REQ_0101,"IF LKA_Warning < 0 enum, THEN THE SYSTEM SHALL: - detect F_OOR_LO_LKA_Warning within [10 ms] - react within [10 ms] - set DTC_116_WRN_OOR_LO - transition to safe state.",ASIL B,F_OOR_LO_LKA_WARNING,10 ms,10 ms,3 cycles,valid for 500 ms,"Torque = 0 Nm, LKA OFF, Warning ON",DTC_116_WRN_OOR_LO,HIL_FaultInjection
SYS_REQ_0102,"IF LKA_Warning is not received within [250 ms], THEN THE SYSTEM SHALL: - detect F_TO_LKA_Warning within [10 ms] - react within [10 ms] - set DTC_116_WRN_TO - transition to safe state.",ASIL B,F_TO_LKA_WARNING,10 ms,10 ms,3 cycles,valid for 500 ms,"Torque = 0 Nm, LKA OFF, Warning ON",DTC_116_WRN_TO,HIL_FaultInjection
SYS_REQ_0103,"IF LKA_Warning AliveCounter is unchanged for [3 consecutive cycles], THEN THE SYSTEM SHALL: - detect F_ALC_LKA_Warning within [10 ms] - react within [10 ms] - set DTC_116_WRN_ALC - transition to safe state.",ASIL B,F_ALC_LKA_WARNING,10 ms,10 ms,3 cycles,valid for 500 ms,"Torque = 0 Nm, LKA OFF, Warning ON",DTC_116_WRN_ALC,HIL_FaultInjection
SYS_REQ_0104,"IF LKA_Warning CRC is invalid, THEN THE SYSTEM SHALL: - detect F_CRC_LKA_Warning within [10 ms] - react within [10 ms] - set DTC_116_WRN_CRC - transition to safe state.",ASIL B,F_CRC_LKA_WARNING,10 ms,10 ms,3 cycles,valid for 500 ms,"Torque = 0 Nm, LKA OFF, Warning ON",DTC_116_WRN_CRC,HIL_FaultInjection
SYS_REQ_0105,"WHILE F_TO_LKA_WARNING is active AND LKA_Warning is valid for [500 ms], THE SYSTEM SHALL clear the fault F_TO_LKA_WARNING and extinguish DTC_116_WRN_TO within [20 ms].",ASIL B,N/A,N/A,20 ms,500 ms,N/A,Resume operation,DTC_116_WRN_TO,HIL_RecoveryTest
SYS_REQ_0106,"WHEN LaneConf is > 80 %, THE SYSTEM SHALL calculate LaneCurvature within 16 ms.",ASIL B,N/A,N/A,within 16 ms,N/A,N/A,N/A,N/A,SIL_LogicTest
SYS_REQ_0107,"WHEN LaneConf is < 50 %, THE SYSTEM SHALL set LKA_Status = UNAVAILABLE within 20 ms.",ASIL B,N/A,N/A,within 20 ms,N/A,N/A,N/A,N/A,SIL_LogicTest
SYS_REQ_0108,"WHEN LateralOffset is > 1.5 m, THE SYSTEM SHALL trigger LKA_Warning = 1 (Left) within 10 ms.",ASIL B,N/A,N/A,within 10 ms,N/A,N/A,N/A,N/A,SIL_LogicTest
SYS_REQ_0109,"WHEN LateralOffset is < -1.5 m, THE SYSTEM SHALL trigger LKA_Warning = 2 (Right) within 10 ms.",ASIL B,N/A,N/A,within 10 ms,N/A,N/A,N/A,N/A,SIL_LogicTest
SYS_REQ_0110,"WHEN TLC is < 1.5 s, THE SYSTEM SHALL calculate corrective LKATorqueReq within 10 ms.",ASIL B,N/A,N/A,within 10 ms,N/A,N/A,N/A,N/A,SIL_LogicTest
SYS_REQ_0111,"WHEN LaneCurvature is > 0.02 1/m, THE SYSTEM SHALL limit max LKATorqueReq to 2.0 Nm within 10 ms.",ASIL B,N/A,N/A,within 10 ms,N/A,N/A,N/A,N/A,SIL_LogicTest
SYS_REQ_0112,"WHEN Camera Frame is received over Ethernet, THE SYSTEM SHALL decode the payload within [5 ms].",ASIL B,N/A,N/A,5 ms,N/A,N/A,N/A,N/A,SIL_PerfTest
SYS_REQ_0113,"IF Camera Frame drops below 60 FPS (delay > 16.67 ms), THEN THE SYSTEM SHALL: - detect F_CAM_FPS within [20 ms] - react within [10 ms] - set DTC_CAM_FPS - transition to safe state.",ASIL B,F_CAM_FPS,20 ms,10 ms,2 cycles,valid for 500 ms,"Torque = 0 Nm, LKA OFF, Warning ON",DTC_CAM_FPS,HIL_FaultInjection
SYS_REQ_0114,"WHILE Camera Ethernet link is active, THE SYSTEM SHALL process object detection deadlines within [16 ms].",ASIL B,N/A,N/A,16 ms,N/A,N/A,N/A,N/A,SIL_PerfTest
SYS_REQ_0115,"WHILE LKA is ACTIVE, THE SYSTEM SHALL output LKATorqueReq within limits [-3.0 Nm, 3.0 Nm].",ASIL D,N/A,N/A,10 ms,N/A,N/A,N/A,N/A,HIL_ControlTest
SYS_REQ_0116,"IF requested LKATorqueReq > 3.0 Nm, THEN THE SYSTEM SHALL saturate the output LKATorqueReq to 3.0 Nm within [10 ms].",ASIL D,N/A,N/A,10 ms,N/A,N/A,N/A,N/A,SIL_LimitTest
SYS_REQ_0117,"WHILE LKA is ACTIVE, THE SYSTEM SHALL limit the rate of change of LKATorqueReq to [5.0 Nm/s].",ASIL D,N/A,N/A,10 ms,N/A,N/A,N/A,N/A,SIL_ControlRateTest
SYS_REQ_0118,"IF d(LKATorqueReq)/dt > 5.0 Nm/s, THEN THE SYSTEM SHALL: - detect F_TRQ_RATE within [10 ms] - react within [10 ms] - set DTC_TRQ_RATE - transition to safe state.",ASIL D,F_TRQ_RATE,10 ms,10 ms,1 cycle,valid for 1000 ms,"Torque = 0 Nm, LKA OFF, Warning ON",DTC_TRQ_RATE,HIL_FaultInjection
SYS_REQ_0119,"WHEN DriverTorque > 2.0 Nm, THE SYSTEM SHALL reduce LKATorqueReq by [50 %] within [10 ms].",ASIL D,N/A,N/A,10 ms,N/A,N/A,N/A,N/A,HIL_OverrideTest
SYS_REQ_0120,"WHEN DriverTorque > 3.0 Nm, THE SYSTEM SHALL transition LKA_Status to OVERRIDE within [10 ms].",ASIL D,N/A,N/A,10 ms,N/A,N/A,N/A,N/A,HIL_OverrideTest
SYS_REQ_0121,"WHERE DriverTorque opposes LKATorqueReq, THE SYSTEM SHALL NOT increase LKATorqueReq magnitude.",ASIL D,N/A,N/A,10 ms,N/A,N/A,N/A,N/A,SIL_LogicTest
SYS_REQ_0122,"WHEN LKA_Status == OFF AND VehSpd > 60 kph, THE SYSTEM SHALL transition LKA_Status to STANDBY within [20 ms].",ASIL B,N/A,N/A,20 ms,N/A,N/A,N/A,N/A,SIL_StateTest
SYS_REQ_0123,"WHEN LKA_Status == STANDBY AND LaneConf > 80 % AND TurnSignal == 0, THE SYSTEM SHALL transition LKA_Status to ACTIVE within [20 ms].",ASIL B,N/A,N/A,20 ms,N/A,N/A,N/A,N/A,SIL_StateTest
SYS_REQ_0124,"WHEN LKA_Status == ACTIVE AND LaneConf < 50 %, THE SYSTEM SHALL transition LKA_Status to STANDBY within [20 ms].",ASIL B,N/A,N/A,20 ms,N/A,N/A,N/A,N/A,SIL_StateTest
SYS_REQ_0125,"WHEN LKA_Status == ACTIVE AND TurnSignal > 0, THE SYSTEM SHALL transition LKA_Status to STANDBY within [20 ms].",ASIL B,N/A,N/A,20 ms,N/A,N/A,N/A,N/A,SIL_StateTest
SYS_REQ_0126,"WHEN LKA_Status == ACTIVE AND DriverTorque > 3.0 Nm, THE SYSTEM SHALL transition LKA_Status to OVERRIDE within [20 ms].",ASIL B,N/A,N/A,20 ms,N/A,N/A,N/A,N/A,SIL_StateTest
SYS_REQ_0127,"WHEN LKA_Status == OVERRIDE AND DriverTorque < 1.0 Nm AND LaneConf > 80 %, THE SYSTEM SHALL transition LKA_Status to ACTIVE within [20 ms].",ASIL B,N/A,N/A,20 ms,N/A,N/A,N/A,N/A,SIL_StateTest
SYS_REQ_0128,"WHEN LKA_Status == ACTIVE AND BrakeStatus == 1, THE SYSTEM SHALL transition LKA_Status to STANDBY within [20 ms].",ASIL B,N/A,N/A,20 ms,N/A,N/A,N/A,N/A,SIL_StateTest
SYS_REQ_0129,"WHEN LKA_Status == STANDBY AND VehSpd < 55 kph, THE SYSTEM SHALL transition LKA_Status to OFF within [20 ms].",ASIL B,N/A,N/A,20 ms,N/A,N/A,N/A,N/A,SIL_StateTest
SYS_REQ_0130,"WHEN LKA_Status == ACTIVE AND VehSpd > 150 kph, THE SYSTEM SHALL transition LKA_Status to STANDBY within [20 ms].",ASIL B,N/A,N/A,20 ms,N/A,N/A,N/A,N/A,SIL_StateTest
SYS_REQ_0131,"IF Any Fault ID is active, THEN THE SYSTEM SHALL transition LKA_Status to FAULT within [10 ms].",ASIL B,N/A,N/A,10 ms,N/A,N/A,N/A,N/A,HIL_FaultHandling
SYS_REQ_0132,"WHILE LKA_Status == FAULT, THE SYSTEM SHALL NOT transition to STANDBY or ACTIVE until all faults are cleared.",ASIL B,N/A,N/A,N/A,N/A,N/A,N/A,N/A,SIL_StateTest
SYS_REQ_0133,"WHILE LKA_Status == OVERRIDE, THE SYSTEM SHALL output LKATorqueReq = 0 Nm.",ASIL D,N/A,N/A,10 ms,N/A,N/A,N/A,N/A,SIL_StateTest
SYS_REQ_0134,"WHILE LKA_Status == STANDBY, THE SYSTEM SHALL output LKATorqueReq = 0 Nm.",ASIL D,N/A,N/A,10 ms,N/A,N/A,N/A,N/A,SIL_StateTest
SYS_REQ_0135,"WHEN LKA_Status transitions to OFF, THE SYSTEM SHALL send LKA_Warning = 0 (Off) within [100 ms].",ASIL B,N/A,N/A,100 ms,N/A,N/A,N/A,N/A,SIL_StateTest
SYS_REQ_0136,"WHILE system is powered ON, THE SYSTEM SHALL execute the control loop every [10 ms] +/- 1 ms.",ASIL D,N/A,N/A,N/A,N/A,N/A,N/A,N/A,HIL_TimingTest
SYS_REQ_0137,"WHILE system is powered ON, THE SYSTEM SHALL achieve an end-to-end latency (Camera input to LKATorqueReq output) of [<= 50 ms].",ASIL D,N/A,N/A,50 ms,N/A,N/A,N/A,N/A,HIL_LatencyTest
SYS_REQ_0138,"WHILE system is powered ON, THE SYSTEM SHALL execute the vehicle signal processing task every [20 ms] +/- 2 ms.",ASIL B,N/A,N/A,N/A,N/A,N/A,N/A,N/A,SIL_TaskTiming
SYS_REQ_0139,"IF Control Loop execution time > 8 ms, THEN THE SYSTEM SHALL: - detect F_CPU_OVERLOAD within [10 ms] - react within [10 ms] - set DTC_CPU_OVERLOAD - transition to safe state.",ASIL D,F_CPU_OVERLOAD,10 ms,10 ms,3 cycles,valid for 1000 ms,"Torque = 0 Nm, LKA OFF, Warning ON",DTC_CPU_OVERLOAD,SIL_PerformanceTest
SYS_REQ_0140,"WHILE transmitting on CAN FD, THE SYSTEM SHALL utilize a maximum bus load of [40 %] over a 1 second window.",QM,N/A,N/A,N/A,N/A,N/A,N/A,N/A,HIL_BusLoadTest
SYS_REQ_0141,"WHEN ADAS ECU receives wake-up signal, THE SYSTEM SHALL complete initialization and enter STANDBY state within [500 ms].",ASIL B,N/A,N/A,500 ms,N/A,N/A,N/A,N/A,HIL_StartupTest
SYS_REQ_0142,"WHILE HeadingAngle is calculated, THE SYSTEM SHALL ensure HeadingAngle is within [-45 deg, 45 deg].",ASIL B,N/A,N/A,N/A,N/A,N/A,N/A,N/A,SIL_MathTest
SYS_REQ_0143,"IF calculated HeadingAngle > 45 deg, THEN THE SYSTEM SHALL: - detect F_CALC_HI_HEADINGANGLE within [10 ms] - react within [10 ms] - set DTC_CALC_HI - transition to safe state.",ASIL B,F_CALC_HI_HEADINGANGLE,10 ms,10 ms,1 cycle,valid for 100 ms,"Torque = 0 Nm, LKA OFF, Warning ON",DTC_CALC_HI,SIL_FaultTest
SYS_REQ_0144,"IF calculated HeadingAngle < -45 deg, THEN THE SYSTEM SHALL: - detect F_CALC_LO_HEADINGANGLE within [10 ms] - react within [10 ms] - set DTC_CALC_LO - transition to safe state.",ASIL B,F_CALC_LO_HEADINGANGLE,10 ms,10 ms,1 cycle,valid for 100 ms,"Torque = 0 Nm, LKA OFF, Warning ON",DTC_CALC_LO,SIL_FaultTest
SYS_REQ_0145,"WHILE F_CALC_HI_HEADINGANGLE is active AND HeadingAngle <= 45 deg for [500 ms], THE SYSTEM SHALL clear the fault.",ASIL B,N/A,N/A,N/A,500 ms,N/A,Resume,N/A,SIL_RecoveryTest
SYS_REQ_0146,"WHILE F_CALC_LO_HEADINGANGLE is active AND HeadingAngle >= -45 deg for [500 ms], THE SYSTEM SHALL clear the fault.",ASIL B,N/A,N/A,N/A,500 ms,N/A,Resume,N/A,SIL_RecoveryTest
SYS_REQ_0147,"WHILE LaneWidth is calculated, THE SYSTEM SHALL ensure LaneWidth is within [2.5 m, 4.5 m].",ASIL B,N/A,N/A,N/A,N/A,N/A,N/A,N/A,SIL_MathTest
SYS_REQ_0148,"IF calculated LaneWidth > 4.5 m, THEN THE SYSTEM SHALL: - detect F_CALC_HI_LANEWIDTH within [10 ms] - react within [10 ms] - set DTC_CALC_HI - transition to safe state.",ASIL B,F_CALC_HI_LANEWIDTH,10 ms,10 ms,1 cycle,valid for 100 ms,"Torque = 0 Nm, LKA OFF, Warning ON",DTC_CALC_HI,SIL_FaultTest
SYS_REQ_0149,"IF calculated LaneWidth < 2.5 m, THEN THE SYSTEM SHALL: - detect F_CALC_LO_LANEWIDTH within [10 ms] - react within [10 ms] - set DTC_CALC_LO - transition to safe state.",ASIL B,F_CALC_LO_LANEWIDTH,10 ms,10 ms,1 cycle,valid for 100 ms,"Torque = 0 Nm, LKA OFF, Warning ON",DTC_CALC_LO,SIL_FaultTest
SYS_REQ_0150,"WHILE F_CALC_HI_LANEWIDTH is active AND LaneWidth <= 4.5 m for [500 ms], THE SYSTEM SHALL clear the fault.",ASIL B,N/A,N/A,N/A,500 ms,N/A,Resume,N/A,SIL_RecoveryTest
SYS_REQ_0151,"WHILE F_CALC_LO_LANEWIDTH is active AND LaneWidth >= 2.5 m for [500 ms], THE SYSTEM SHALL clear the fault.",ASIL B,N/A,N/A,N/A,500 ms,N/A,Resume,N/A,SIL_RecoveryTest
SYS_REQ_0152,"WHILE YawRateDeriv is calculated, THE SYSTEM SHALL ensure YawRateDeriv is within [-50 deg/s^2, 50 deg/s^2].",ASIL B,N/A,N/A,N/A,N/A,N/A,N/A,N/A,SIL_MathTest
SYS_REQ_0153,"IF calculated YawRateDeriv > 50 deg/s^2, THEN THE SYSTEM SHALL: - detect F_CALC_HI_YAWRATEDERIV within [10 ms] - react within [10 ms] - set DTC_CALC_HI - transition to safe state.",ASIL B,F_CALC_HI_YAWRATEDERIV,10 ms,10 ms,1 cycle,valid for 100 ms,"Torque = 0 Nm, LKA OFF, Warning ON",DTC_CALC_HI,SIL_FaultTest
SYS_REQ_0154,"IF calculated YawRateDeriv < -50 deg/s^2, THEN THE SYSTEM SHALL: - detect F_CALC_LO_YAWRATEDERIV within [10 ms] - react within [10 ms] - set DTC_CALC_LO - transition to safe state.",ASIL B,F_CALC_LO_YAWRATEDERIV,10 ms,10 ms,1 cycle,valid for 100 ms,"Torque = 0 Nm, LKA OFF, Warning ON",DTC_CALC_LO,SIL_FaultTest
SYS_REQ_0155,"WHILE F_CALC_HI_YAWRATEDERIV is active AND YawRateDeriv <= 50 deg/s^2 for [500 ms], THE SYSTEM SHALL clear the fault.",ASIL B,N/A,N/A,N/A,500 ms,N/A,Resume,N/A,SIL_RecoveryTest
SYS_REQ_0156,"WHILE F_CALC_LO_YAWRATEDERIV is active AND YawRateDeriv >= -50 deg/s^2 for [500 ms], THE SYSTEM SHALL clear the fault.",ASIL B,N/A,N/A,N/A,500 ms,N/A,Resume,N/A,SIL_RecoveryTest
SYS_REQ_0157,"WHILE VehSpdDeriv is calculated, THE SYSTEM SHALL ensure VehSpdDeriv is within [-10 m/s^2, 10 m/s^2].",ASIL B,N/A,N/A,N/A,N/A,N/A,N/A,N/A,SIL_MathTest
SYS_REQ_0158,"IF calculated VehSpdDeriv > 10 m/s^2, THEN THE SYSTEM SHALL: - detect F_CALC_HI_VEHSPDDERIV within [10 ms] - react within [10 ms] - set DTC_CALC_HI - transition to safe state.",ASIL B,F_CALC_HI_VEHSPDDERIV,10 ms,10 ms,1 cycle,valid for 100 ms,"Torque = 0 Nm, LKA OFF, Warning ON",DTC_CALC_HI,SIL_FaultTest
SYS_REQ_0159,"IF calculated VehSpdDeriv < -10 m/s^2, THEN THE SYSTEM SHALL: - detect F_CALC_LO_VEHSPDDERIV within [10 ms] - react within [10 ms] - set DTC_CALC_LO - transition to safe state.",ASIL B,F_CALC_LO_VEHSPDDERIV,10 ms,10 ms,1 cycle,valid for 100 ms,"Torque = 0 Nm, LKA OFF, Warning ON",DTC_CALC_LO,SIL_FaultTest
SYS_REQ_0160,"WHILE F_CALC_HI_VEHSPDDERIV is active AND VehSpdDeriv <= 10 m/s^2 for [500 ms], THE SYSTEM SHALL clear the fault.",ASIL B,N/A,N/A,N/A,500 ms,N/A,Resume,N/A,SIL_RecoveryTest
SYS_REQ_0161,"WHILE F_CALC_LO_VEHSPDDERIV is active AND VehSpdDeriv >= -10 m/s^2 for [500 ms], THE SYSTEM SHALL clear the fault.",ASIL B,N/A,N/A,N/A,500 ms,N/A,Resume,N/A,SIL_RecoveryTest
SYS_REQ_0162,"WHILE TargetCurvature is calculated, THE SYSTEM SHALL ensure TargetCurvature is within [-0.05 1/m, 0.05 1/m].",ASIL B,N/A,N/A,N/A,N/A,N/A,N/A,N/A,SIL_MathTest
SYS_REQ_0163,"IF calculated TargetCurvature > 0.05 1/m, THEN THE SYSTEM SHALL: - detect F_CALC_HI_TARGETCURVATURE within [10 ms] - react within [10 ms] - set DTC_CALC_HI - transition to safe state.",ASIL B,F_CALC_HI_TARGETCURVATURE,10 ms,10 ms,1 cycle,valid for 100 ms,"Torque = 0 Nm, LKA OFF, Warning ON",DTC_CALC_HI,SIL_FaultTest
SYS_REQ_0164,"IF calculated TargetCurvature < -0.05 1/m, THEN THE SYSTEM SHALL: - detect F_CALC_LO_TARGETCURVATURE within [10 ms] - react within [10 ms] - set DTC_CALC_LO - transition to safe state.",ASIL B,F_CALC_LO_TARGETCURVATURE,10 ms,10 ms,1 cycle,valid for 100 ms,"Torque = 0 Nm, LKA OFF, Warning ON",DTC_CALC_LO,SIL_FaultTest
SYS_REQ_0165,"WHILE F_CALC_HI_TARGETCURVATURE is active AND TargetCurvature <= 0.05 1/m for [500 ms], THE SYSTEM SHALL clear the fault.",ASIL B,N/A,N/A,N/A,500 ms,N/A,Resume,N/A,SIL_RecoveryTest
SYS_REQ_0166,"WHILE F_CALC_LO_TARGETCURVATURE is active AND TargetCurvature >= -0.05 1/m for [500 ms], THE SYSTEM SHALL clear the fault.",ASIL B,N/A,N/A,N/A,500 ms,N/A,Resume,N/A,SIL_RecoveryTest
SYS_REQ_0167,"WHILE CurvatureRate is calculated, THE SYSTEM SHALL ensure CurvatureRate is within [-0.01 1/m.s, 0.01 1/m.s].",ASIL B,N/A,N/A,N/A,N/A,N/A,N/A,N/A,SIL_MathTest
SYS_REQ_0168,"IF calculated CurvatureRate > 0.01 1/m.s, THEN THE SYSTEM SHALL: - detect F_CALC_HI_CURVATURERATE within [10 ms] - react within [10 ms] - set DTC_CALC_HI - transition to safe state.",ASIL B,F_CALC_HI_CURVATURERATE,10 ms,10 ms,1 cycle,valid for 100 ms,"Torque = 0 Nm, LKA OFF, Warning ON",DTC_CALC_HI,SIL_FaultTest
SYS_REQ_0169,"IF calculated CurvatureRate < -0.01 1/m.s, THEN THE SYSTEM SHALL: - detect F_CALC_LO_CURVATURERATE within [10 ms] - react within [10 ms] - set DTC_CALC_LO - transition to safe state.",ASIL B,F_CALC_LO_CURVATURERATE,10 ms,10 ms,1 cycle,valid for 100 ms,"Torque = 0 Nm, LKA OFF, Warning ON",DTC_CALC_LO,SIL_FaultTest
SYS_REQ_0170,"WHILE F_CALC_HI_CURVATURERATE is active AND CurvatureRate <= 0.01 1/m.s for [500 ms], THE SYSTEM SHALL clear the fault.",ASIL B,N/A,N/A,N/A,500 ms,N/A,Resume,N/A,SIL_RecoveryTest
SYS_REQ_0171,"WHILE F_CALC_LO_CURVATURERATE is active AND CurvatureRate >= -0.01 1/m.s for [500 ms], THE SYSTEM SHALL clear the fault.",ASIL B,N/A,N/A,N/A,500 ms,N/A,Resume,N/A,SIL_RecoveryTest
SYS_REQ_0172,"WHILE PID_P_Term is calculated, THE SYSTEM SHALL ensure PID_P_Term is within [-1.5 Nm, 1.5 Nm].",ASIL B,N/A,N/A,N/A,N/A,N/A,N/A,N/A,SIL_MathTest
SYS_REQ_0173,"IF calculated PID_P_Term > 1.5 Nm, THEN THE SYSTEM SHALL: - detect F_CALC_HI_PID_P_TERM within [10 ms] - react within [10 ms] - set DTC_CALC_HI - transition to safe state.",ASIL B,F_CALC_HI_PID_P_TERM,10 ms,10 ms,1 cycle,valid for 100 ms,"Torque = 0 Nm, LKA OFF, Warning ON",DTC_CALC_HI,SIL_FaultTest
SYS_REQ_0174,"IF calculated PID_P_Term < -1.5 Nm, THEN THE SYSTEM SHALL: - detect F_CALC_LO_PID_P_TERM within [10 ms] - react within [10 ms] - set DTC_CALC_LO - transition to safe state.",ASIL B,F_CALC_LO_PID_P_TERM,10 ms,10 ms,1 cycle,valid for 100 ms,"Torque = 0 Nm, LKA OFF, Warning ON",DTC_CALC_LO,SIL_FaultTest
SYS_REQ_0175,"WHILE F_CALC_HI_PID_P_TERM is active AND PID_P_Term <= 1.5 Nm for [500 ms], THE SYSTEM SHALL clear the fault.",ASIL B,N/A,N/A,N/A,500 ms,N/A,Resume,N/A,SIL_RecoveryTest
SYS_REQ_0176,"WHILE F_CALC_LO_PID_P_TERM is active AND PID_P_Term >= -1.5 Nm for [500 ms], THE SYSTEM SHALL clear the fault.",ASIL B,N/A,N/A,N/A,500 ms,N/A,Resume,N/A,SIL_RecoveryTest
SYS_REQ_0177,"WHILE PID_I_Term is calculated, THE SYSTEM SHALL ensure PID_I_Term is within [-0.5 Nm, 0.5 Nm].",ASIL B,N/A,N/A,N/A,N/A,N/A,N/A,N/A,SIL_MathTest
SYS_REQ_0178,"IF calculated PID_I_Term > 0.5 Nm, THEN THE SYSTEM SHALL: - detect F_CALC_HI_PID_I_TERM within [10 ms] - react within [10 ms] - set DTC_CALC_HI - transition to safe state.",ASIL B,F_CALC_HI_PID_I_TERM,10 ms,10 ms,1 cycle,valid for 100 ms,"Torque = 0 Nm, LKA OFF, Warning ON",DTC_CALC_HI,SIL_FaultTest
SYS_REQ_0179,"IF calculated PID_I_Term < -0.5 Nm, THEN THE SYSTEM SHALL: - detect F_CALC_LO_PID_I_TERM within [10 ms] - react within [10 ms] - set DTC_CALC_LO - transition to safe state.",ASIL B,F_CALC_LO_PID_I_TERM,10 ms,10 ms,1 cycle,valid for 100 ms,"Torque = 0 Nm, LKA OFF, Warning ON",DTC_CALC_LO,SIL_FaultTest
SYS_REQ_0180,"WHILE F_CALC_HI_PID_I_TERM is active AND PID_I_Term <= 0.5 Nm for [500 ms], THE SYSTEM SHALL clear the fault.",ASIL B,N/A,N/A,N/A,500 ms,N/A,Resume,N/A,SIL_RecoveryTest
SYS_REQ_0181,"WHILE F_CALC_LO_PID_I_TERM is active AND PID_I_Term >= -0.5 Nm for [500 ms], THE SYSTEM SHALL clear the fault.",ASIL B,N/A,N/A,N/A,500 ms,N/A,Resume,N/A,SIL_RecoveryTest
SYS_REQ_0182,"WHILE PID_D_Term is calculated, THE SYSTEM SHALL ensure PID_D_Term is within [-1.0 Nm, 1.0 Nm].",ASIL B,N/A,N/A,N/A,N/A,N/A,N/A,N/A,SIL_MathTest
SYS_REQ_0183,"IF calculated PID_D_Term > 1.0 Nm, THEN THE SYSTEM SHALL: - detect F_CALC_HI_PID_D_TERM within [10 ms] - react within [10 ms] - set DTC_CALC_HI - transition to safe state.",ASIL B,F_CALC_HI_PID_D_TERM,10 ms,10 ms,1 cycle,valid for 100 ms,"Torque = 0 Nm, LKA OFF, Warning ON",DTC_CALC_HI,SIL_FaultTest
SYS_REQ_0184,"IF calculated PID_D_Term < -1.0 Nm, THEN THE SYSTEM SHALL: - detect F_CALC_LO_PID_D_TERM within [10 ms] - react within [10 ms] - set DTC_CALC_LO - transition to safe state.",ASIL B,F_CALC_LO_PID_D_TERM,10 ms,10 ms,1 cycle,valid for 100 ms,"Torque = 0 Nm, LKA OFF, Warning ON",DTC_CALC_LO,SIL_FaultTest
SYS_REQ_0185,"WHILE F_CALC_HI_PID_D_TERM is active AND PID_D_Term <= 1.0 Nm for [500 ms], THE SYSTEM SHALL clear the fault.",ASIL B,N/A,N/A,N/A,500 ms,N/A,Resume,N/A,SIL_RecoveryTest
SYS_REQ_0186,"WHILE F_CALC_LO_PID_D_TERM is active AND PID_D_Term >= -1.0 Nm for [500 ms], THE SYSTEM SHALL clear the fault.",ASIL B,N/A,N/A,N/A,500 ms,N/A,Resume,N/A,SIL_RecoveryTest
SYS_REQ_0187,"WHILE system is in NORMAL_OP_187, THE SYSTEM SHALL log heartbeat signal to internal NVRAM every [1000 ms].",QM,N/A,N/A,1000 ms,N/A,N/A,N/A,N/A,SIL_LoggingTest
SYS_REQ_0188,"WHILE system is in NORMAL_OP_188, THE SYSTEM SHALL log heartbeat signal to internal NVRAM every [1000 ms].",QM,N/A,N/A,1000 ms,N/A,N/A,N/A,N/A,SIL_LoggingTest
SYS_REQ_0189,"WHILE system is in NORMAL_OP_189, THE SYSTEM SHALL log heartbeat signal to internal NVRAM every [1000 ms].",QM,N/A,N/A,1000 ms,N/A,N/A,N/A,N/A,SIL_LoggingTest
SYS_REQ_0190,"WHILE system is in NORMAL_OP_190, THE SYSTEM SHALL log heartbeat signal to internal NVRAM every [1000 ms].",QM,N/A,N/A,1000 ms,N/A,N/A,N/A,N/A,SIL_LoggingTest
SYS_REQ_0191,"WHILE system is in NORMAL_OP_191, THE SYSTEM SHALL log heartbeat signal to internal NVRAM every [1000 ms].",QM,N/A,N/A,1000 ms,N/A,N/A,N/A,N/A,SIL_LoggingTest
SYS_REQ_0192,"WHILE system is in NORMAL_OP_192, THE SYSTEM SHALL log heartbeat signal to internal NVRAM every [1000 ms].",QM,N/A,N/A,1000 ms,N/A,N/A,N/A,N/A,SIL_LoggingTest
SYS_REQ_0193,"WHILE system is in NORMAL_OP_193, THE SYSTEM SHALL log heartbeat signal to internal NVRAM every [1000 ms].",QM,N/A,N/A,1000 ms,N/A,N/A,N/A,N/A,SIL_LoggingTest
SYS_REQ_0194,"WHILE system is in NORMAL_OP_194, THE SYSTEM SHALL log heartbeat signal to internal NVRAM every [1000 ms].",QM,N/A,N/A,1000 ms,N/A,N/A,N/A,N/A,SIL_LoggingTest
SYS_REQ_0195,"WHILE system is in NORMAL_OP_195, THE SYSTEM SHALL log heartbeat signal to internal NVRAM every [1000 ms].",QM,N/A,N/A,1000 ms,N/A,N/A,N/A,N/A,SIL_LoggingTest
SYS_REQ_0196,"WHILE system is in NORMAL_OP_196, THE SYSTEM SHALL log heartbeat signal to internal NVRAM every [1000 ms].",QM,N/A,N/A,1000 ms,N/A,N/A,N/A,N/A,SIL_LoggingTest
SYS_REQ_0197,"WHILE system is in NORMAL_OP_197, THE SYSTEM SHALL log heartbeat signal to internal NVRAM every [1000 ms].",QM,N/A,N/A,1000 ms,N/A,N/A,N/A,N/A,SIL_LoggingTest
SYS_REQ_0198,"WHILE system is in NORMAL_OP_198, THE SYSTEM SHALL log heartbeat signal to internal NVRAM every [1000 ms].",QM,N/A,N/A,1000 ms,N/A,N/A,N/A,N/A,SIL_LoggingTest
SYS_REQ_0199,"WHILE system is in NORMAL_OP_199, THE SYSTEM SHALL log heartbeat signal to internal NVRAM every [1000 ms].",QM,N/A,N/A,1000 ms,N/A,N/A,N/A,N/A,SIL_LoggingTest
SYS_REQ_0200,"WHILE system is in NORMAL_OP_200, THE SYSTEM SHALL log heartbeat signal to internal NVRAM every [1000 ms].",QM,N/A,N/A,1000 ms,N/A,N/A,N/A,N/A,SIL_LoggingTest
SYS_REQ_0201,"WHILE system is in NORMAL_OP_201, THE SYSTEM SHALL log heartbeat signal to internal NVRAM every [1000 ms].",QM,N/A,N/A,1000 ms,N/A,N/A,N/A,N/A,SIL_LoggingTest
SYS_REQ_0202,"WHILE system is in NORMAL_OP_202, THE SYSTEM SHALL log heartbeat signal to internal NVRAM every [1000 ms].",QM,N/A,N/A,1000 ms,N/A,N/A,N/A,N/A,SIL_LoggingTest
SYS_REQ_0203,"WHILE system is in NORMAL_OP_203, THE SYSTEM SHALL log heartbeat signal to internal NVRAM every [1000 ms].",QM,N/A,N/A,1000 ms,N/A,N/A,N/A,N/A,SIL_LoggingTest
SYS_REQ_0204,"WHILE system is in NORMAL_OP_204, THE SYSTEM SHALL log heartbeat signal to internal NVRAM every [1000 ms].",QM,N/A,N/A,1000 ms,N/A,N/A,N/A,N/A,SIL_LoggingTest
SYS_REQ_0205,"WHILE system is in NORMAL_OP_205, THE SYSTEM SHALL log heartbeat signal to internal NVRAM every [1000 ms].",QM,N/A,N/A,1000 ms,N/A,N/A,N/A,N/A,SIL_LoggingTest
SYS_REQ_0206,"WHILE system is in NORMAL_OP_206, THE SYSTEM SHALL log heartbeat signal to internal NVRAM every [1000 ms].",QM,N/A,N/A,1000 ms,N/A,N/A,N/A,N/A,SIL_LoggingTest
SYS_REQ_0207,"WHILE system is in NORMAL_OP_207, THE SYSTEM SHALL log heartbeat signal to internal NVRAM every [1000 ms].",QM,N/A,N/A,1000 ms,N/A,N/A,N/A,N/A,SIL_LoggingTest
SYS_REQ_0208,"WHILE system is in NORMAL_OP_208, THE SYSTEM SHALL log heartbeat signal to internal NVRAM every [1000 ms].",QM,N/A,N/A,1000 ms,N/A,N/A,N/A,N/A,SIL_LoggingTest
SYS_REQ_0209,"WHILE system is in NORMAL_OP_209, THE SYSTEM SHALL log heartbeat signal to internal NVRAM every [1000 ms].",QM,N/A,N/A,1000 ms,N/A,N/A,N/A,N/A,SIL_LoggingTest
SYS_REQ_0210,"WHILE system is in NORMAL_OP_210, THE SYSTEM SHALL log heartbeat signal to internal NVRAM every [1000 ms].",QM,N/A,N/A,1000 ms,N/A,N/A,N/A,N/A,SIL_LoggingTest
